date,tavg,tmin,tmax,prcp,snow,wdir,wspd,wpgt,pres,tsun
2019-01-01 00:00:00,0.2,-2.1,2.2,4.6,30,209,25.6,40.8,1005.6,
2019-01-02 00:00:00,-0.4,-2.5,2,6.1,20,280,16.9,40.8,998,
2019-01-03 00:00:00,-4.4,-5.1,-3.9,4.1,71,344,23.7,42.6,1013,
2019-01-04 00:00:00,-5.3,-6,-3.2,2,79,262,15.9,29.6,1017.2,
2019-01-05 00:00:00,-3.7,-6,0,3.3,99,342,19.6,37,1007.3,
2019-01-06 00:00:00,-6.1,-8,-4.7,0,99,18,15.4,33.3,1020.9,
2019-01-07 00:00:00,-7.8,-10.6,-5.7,,99,213,11.6,29.6,1024.6,
2019-01-08 00:00:00,-5.9,-7,-4.6,,99,177,22.7,37,1007.4,
2019-01-09 00:00:00,-9.4,-12,-6,,99,140,16.5,33.3,1007.6,
2019-01-10 00:00:00,-10.1,-12.6,-8,0,99,110,4.3,13,1017.7,
2019-01-11 00:00:00,-11.4,-15,-9.1,1,99,192,16.7,33.3,1012,
2019-01-12 00:00:00,-2.9,-10,-0.3,5.6,160,247,11.4,25.9,999.9,
2019-01-13 00:00:00,-0.6,-2.2,1,2.3,150,200,16.3,33.3,991.7,
2019-01-14 00:00:00,-0.9,-3.4,1,9.9,150,237,20.7,38.9,979,
2019-01-15 00:00:00,-3.4,-5,-1.8,1,160,267,14.5,29.6,990.1,
2019-01-16 00:00:00,-2.9,-6.1,-1.4,,170,250,12.1,29.6,999.3,
2019-01-17 00:00:00,1.2,-2.8,2.1,2.8,160,215,24.3,37,995.4,
2019-01-18 00:00:00,-1.3,-3,1.6,6.1,119,245,16.8,31.5,1001.9,
2019-01-19 00:00:00,-3.2,-5.1,-2.2,0,160,243,15.1,27.8,1014.6,
2019-01-20 00:00:00,-2.9,-4,-1.5,,160,246,19.6,33.3,1013.8,
2019-01-21 00:00:00,-4.7,-7.1,-3.6,,180,257,11.6,22.2,1016.7,
2019-01-22 00:00:00,-4.7,-6,-2.8,,191,161,6.9,14.8,1016.8,
2019-01-23 00:00:00,-6.8,-11,-3.4,,191,132,7.9,18.5,1013.9,
2019-01-24 00:00:00,-10.7,-15.1,-6,,180,32,5,13,1017.7,
2019-01-25 00:00:00,-7.7,-14.1,-5.9,,180,105,10.7,27.8,1017.8,
2019-01-26 00:00:00,-8.2,-11,-7,2,259,200,10.1,24.1,1005.6,
2019-01-27 00:00:00,-7.8,-8.3,-5.5,0.5,269,162,10.8,31.5,1004.2,
2019-01-28 00:00:00,-7.3,-8,-6,2.3,269,144,18.8,35.2,1001.1,
2019-01-29 00:00:00,-3.1,-7.5,0,0,279,167,17.5,27.8,1000.6,
2019-01-30 00:00:00,-0.8,-3,1.9,,269,171,10.5,22.2,1008,
2019-01-31 00:00:00,-1.2,-3.1,0.2,,249,68,10.1,22.2,1008.3,
2019-02-01 00:00:00,0.4,-0.1,1,4.8,239,143,13,24.1,1008.4,
2019-02-02 00:00:00,1.2,-0.1,2.2,2.3,221,139,20.8,35.2,1007.9,
2019-02-03 00:00:00,1.7,1,3.3,0.3,180,162,16.4,33.3,1009.7,
2019-02-04 00:00:00,-0.7,-3,1,5.6,130,268,11.3,35.2,1018.1,
2019-02-05 00:00:00,-2.3,-3,-1.2,,140,205,16.2,31.5,1026.8,
2019-02-06 00:00:00,-0.4,-2,1,0.5,140,250,15.4,27.8,1021.7,
2019-02-07 00:00:00,-0.1,-2,3.2,,140,188,17,29.6,1019.4,
2019-02-08 00:00:00,-0.1,-2,2.9,,140,187,18,29.6,1015.2,
2019-02-09 00:00:00,0.9,-1.1,3.4,,140,176,21.6,37,1012.2,
2019-02-10 00:00:00,1.9,0.3,4.8,0,119,182,20.6,33.3,1006.5,
2019-02-11 00:00:00,1.7,1,3,2,99,176,20.3,35.2,997.4,
2019-02-12 00:00:00,-0.3,-1,0.5,1.5,79,289,21.7,40.8,1007.9,
2019-02-13 00:00:00,-0.6,-2.2,1.7,,89,269,16.8,31.5,1016.3,
2019-02-14 00:00:00,1.3,-0.4,4.7,,130,287,11.7,27.8,1025.4,
2019-02-15 00:00:00,2.1,1,3,,89,264,12.1,25.9,1027,
2019-02-16 00:00:00,2.1,0.9,6.1,,71,235,13.7,29.6,1022.8,
2019-02-17 00:00:00,2.2,-1,5,,30,281,12.1,29.6,1017.7,
2019-02-18 00:00:00,-1.8,-4,2.4,,20,182,7.1,22.2,1023.2,
2019-02-19 00:00:00,2.5,-4,7,,20,194,18.6,33.3,1012.3,
2019-02-20 00:00:00,2.2,-1,4.8,2.3,,268,23.4,48.2,1006.6,
2019-02-21 00:00:00,-3,-4.2,-0.2,,,337,17.9,40.8,1018.1,
2019-02-22 00:00:00,-5.7,-9.1,-2,,,8,21.6,38.9,1033,
2019-02-23 00:00:00,-4.2,-9,-1,,,282,13.6,33.3,1039.9,
2019-02-24 00:00:00,0.3,-2,4.3,,,264,13.9,27.8,1030,
2019-02-25 00:00:00,1.7,-1.2,5.9,,,291,15.5,38.9,1023.5,
2019-02-26 00:00:00,2.1,0.9,4,0,,325,18.2,35.2,1018.3,
2019-02-27 00:00:00,2.2,0,6.5,,,278,13.3,25.9,1017,
2019-02-28 00:00:00,2.7,1,7.5,,,290,18.7,42.6,995.5,
2019-03-01 00:00:00,-2.9,-5,0,0.8,10,335,22.4,44.5,1002.4,
2019-03-02 00:00:00,-4.2,-6,-0.3,,10,292,12.4,24.1,1012,
2019-03-03 00:00:00,-0.1,-5,4.1,,,217,19.8,31.5,1003.7,
2019-03-04 00:00:00,4.7,0.8,7.7,7.9,,212,13.3,29.6,992.6,
2019-03-05 00:00:00,3.8,0,6.6,5.1,,245,25,51.8,988.9,
2019-03-06 00:00:00,-1.7,-4,2.9,,,299,12,29.6,1010.4,
2019-03-07 00:00:00,4.3,-2,8.2,,,172,24.5,40.8,1006.9,
2019-03-08 00:00:00,7.3,3,12.6,1.5,,213,25.8,48.2,1000.5,
2019-03-09 00:00:00,4.3,1,8.3,3,,228,24.9,46.3,1003.4,
2019-03-10 00:00:00,2,0.1,3.5,5.1,,236,17.6,37,994.9,
2019-03-11 00:00:00,-0.8,-2.1,1.6,2,,272,15.1,40.8,999,
2019-03-12 00:00:00,-2.3,-4.4,1.6,0,,272,15.3,40.8,1009.9,
2019-03-13 00:00:00,-0.3,-6,5.9,,,181,17.5,37,1008.4,
2019-03-14 00:00:00,3.6,0.7,8.6,1,,176,20.9,40.8,1002.2,
2019-03-15 00:00:00,3.9,1.8,8.1,2.5,,170,19.6,33.3,997.9,
2019-03-16 00:00:00,2.7,1.3,4.5,11.9,,249,19.1,38.9,991.5,
2019-03-17 00:00:00,4.2,0.7,7.1,0,,188,16.1,33.3,1003.7,
2019-03-18 00:00:00,4.8,3,8.3,,,203,16.5,33.3,1006.6,
2019-03-19 00:00:00,2.7,0,6.7,,,229,18.7,37,1016.8,
2019-03-20 00:00:00,3.6,0,7.6,,,266,14.9,29.6,1026.3,
2019-03-21 00:00:00,5.8,4,8,0.5,,271,16.9,33.3,1024.4,
2019-03-22 00:00:00,5.7,1.8,8.7,,,317,22.7,42.6,1025.6,
2019-03-23 00:00:00,5.7,-4,13.1,,,228,10.8,27.8,1025.4,
2019-03-24 00:00:00,4.7,1.1,8.8,,,287,16.7,35.2,1017.1,
2019-03-25 00:00:00,2.7,-2,7,,,256,10.6,24.1,1009.8,
2019-03-26 00:00:00,0.5,-1.4,4.4,3,,296,15,29.6,1010.1,
2019-03-27 00:00:00,-0.2,-4.1,3.6,0.8,10,302,12.2,27.8,1021.3,
2019-03-28 00:00:00,2.7,0,8.2,,,234,7.3,18.5,1027.3,
2019-03-29 00:00:00,5.8,-2,14.1,,,252,17.6,42.6,1022.9,
2019-03-30 00:00:00,9,5,15.9,,,263,17.1,37,1018.5,
2019-03-31 00:00:00,6.4,3,12.7,,,247,19.2,48.2,1013.3,
2019-04-01 00:00:00,3.2,-1.7,8.8,,,327,14,29.6,1025.6,
2019-04-02 00:00:00,4.4,-5,11.3,,,123,7.5,24.1,1029,
2019-04-03 00:00:00,6.6,0.3,12.7,,,141,17.8,37,1023.5,
2019-04-04 00:00:00,6.9,1,13.5,,,134,16,37,1018.2,
2019-04-05 00:00:00,7.7,2,14,,,125,13.2,31.5,1017.4,
2019-04-06 00:00:00,8.6,2,15.1,,,98,13.6,29.6,1018.6,
2019-04-07 00:00:00,9.5,6,15.5,,,140,16.4,31.5,1012.1,
2019-04-08 00:00:00,8.1,0.6,16.2,,,279,10.1,25.9,1009.2,
2019-04-09 00:00:00,1.6,-1.5,5.4,,,320,11.9,25.9,1012.6,
2019-04-10 00:00:00,2.1,-1.8,4.6,,,313,8.8,20.4,1016.2,
2019-04-11 00:00:00,2.1,-1,5.9,,,351,11.6,24.1,1021,
2019-04-12 00:00:00,0.3,-4.3,5.7,,,26,13.6,29.6,1024.7,
2019-04-13 00:00:00,3,-4.1,9.7,,,40,14.6,29.6,1026.3,
2019-04-14 00:00:00,3.8,-2,9.5,,,33,14.1,31.5,1027.7,
2019-04-15 00:00:00,2.9,-2,8.1,,,28,11,33.3,1028.3,
2019-04-16 00:00:00,9,-0.3,16.4,,,23,13.2,33.3,1026.8,
2019-04-17 00:00:00,11.2,3.9,17.5,,,52,10.4,27.8,1028.6,
2019-04-18 00:00:00,11.4,2,18.7,,,4,10.1,27.8,1031.1,
2019-04-19 00:00:00,12.2,2.4,18.7,,,355,8.7,24.1,1031.4,
2019-04-20 00:00:00,10.9,4.8,17.6,,,337,11.6,25.9,1026.2,
2019-04-21 00:00:00,7,5,11.1,0.5,,11,8.8,24.1,1021.5,
2019-04-22 00:00:00,12.1,3.2,18.1,,,121,10.9,29.6,1026.7,
2019-04-23 00:00:00,13.6,1.9,20.3,,,118,11.8,29.6,1028.6,
2019-04-24 00:00:00,15.4,8.7,21.5,,,136,17.6,42.6,1025.4,
2019-04-25 00:00:00,15.8,9.1,22.4,,,142,17.5,37,1020.6,
2019-04-26 00:00:00,18.1,11.5,24.8,,,145,12.6,31.5,1015.4,
2019-04-27 00:00:00,18.8,10.5,26.8,,,109,8.9,24.1,1008.5,
2019-04-28 00:00:00,17.2,12,23.7,,,55,14.1,29.6,1009.8,
2019-04-29 00:00:00,12.2,7,17.6,,,61,14.3,31.5,1015.7,
2019-04-30 00:00:00,11.6,4.3,18.5,,,72,7.9,22.2,1014.6,
2019-05-01 00:00:00,12.3,4.8,18.6,,,165,8.3,20.4,1006.3,
2019-05-02 00:00:00,7,3,11.1,4.1,,238,18.1,40.8,995.9,
2019-05-03 00:00:00,5.9,4,10.4,4.1,,256,16,33.3,999.4,
2019-05-04 00:00:00,6.2,-3,12.8,,,190,11.6,33.3,1006,
2019-05-05 00:00:00,6.9,2.9,12.3,,,276,14,29.6,1009.2,
2019-05-06 00:00:00,6.9,0.7,11.6,,,12,14.5,24.1,1011.8,
2019-05-07 00:00:00,8.1,5,13.1,,,329,16.6,31.5,1011.2,
2019-05-08 00:00:00,7.2,-2.1,14.4,,,342,6.1,20.4,1016.3,
2019-05-09 00:00:00,10.4,2.9,16.7,,,118,10.9,25.9,1012.1,
2019-05-10 00:00:00,11.8,4.4,18.5,,,138,8.6,22.2,1007.9,
2019-05-11 00:00:00,11.9,7.8,15.9,,,220,7.5,20.4,1010.2,
2019-05-12 00:00:00,11.6,5,19.4,,,308,6.8,18.5,1020.8,
2019-05-13 00:00:00,12.2,7.5,19.3,,,331,11.6,29.6,1024.6,
2019-05-14 00:00:00,8.8,6,11,,,351,15.1,22.2,1025.3,
2019-05-15 00:00:00,13.6,7,19.7,,,36,16.1,29.6,1022,
2019-05-16 00:00:00,13.1,10,15.5,,,71,14.6,27.8,1021.1,
2019-05-17 00:00:00,15.4,13,20.7,2,,88,14.3,27.8,1017.9,
2019-05-18 00:00:00,19.1,13.9,25.9,,,107,12.9,29.6,1015.8,
2019-05-19 00:00:00,20.1,13,26,,,125,14,35.2,1014,
2019-05-20 00:00:00,20.3,17,26.8,2,,121,14.5,35.2,1012.8,
2019-05-21 00:00:00,21,16,27.2,,,124,16.9,40.8,1009.9,
2019-05-22 00:00:00,18.2,13,24.6,,,132,8.3,22.2,1008.2,
2019-05-23 00:00:00,18.4,9,26.7,,,283,8.5,20.4,1008.8,
2019-05-24 00:00:00,16.4,13,22.1,,,312,11.3,22.2,1010.5,
2019-05-25 00:00:00,15.6,10,22.3,,,287,12.2,33.3,1008.7,
2019-05-26 00:00:00,12.8,10,16,,,258,14.7,31.5,1009.4,
2019-05-27 00:00:00,18,12,24.9,,,225,18.6,37,1007.6,
2019-05-28 00:00:00,17.2,10.4,23.2,5.1,,150,12.3,33.3,1007.6,
2019-05-29 00:00:00,14.1,13,16.1,10.2,,269,12.8,24.1,1010.5,
2019-05-30 00:00:00,13.1,5.9,18.9,,,344,11.4,22.2,1022.1,
2019-05-31 00:00:00,15.7,5,22,,,,8.9,27.8,1020.7,
2019-06-01 00:00:00,16.7,14,22,,,281,9.6,22.2,1019.6,
2019-06-02 00:00:00,17.6,11,23,,,253,15.3,35.2,1017.4,
2019-06-03 00:00:00,17.7,8.5,25.2,,,76,6.4,14.8,1020.2,
2019-06-04 00:00:00,20.8,12.4,27.3,,,136,10.5,24.1,1018.9,
2019-06-05 00:00:00,22.9,13.4,30.2,,,128,9.3,25.9,1017.5,
2019-06-06 00:00:00,22.4,17,28.7,,,123,13.1,29.6,1018.1,
2019-06-07 00:00:00,22.1,17,29.9,,,123,11.6,27.8,1017.7,
2019-06-08 00:00:00,22,16,28.5,,,160,13.2,31.5,1018.9,
2019-06-09 00:00:00,19.5,16,24.8,,,322,13.5,27.8,1023.6,
2019-06-10 00:00:00,20.2,10,26.7,,,83,8.5,20.4,1023.5,
2019-06-11 00:00:00,25.3,17,32.7,,,143,11.2,29.6,1018.3,
2019-06-12 00:00:00,26.7,19,34.1,,,163,10.6,22.2,1016,
2019-06-13 00:00:00,25.9,20,34.2,,,143,14.1,33.3,1016.1,
2019-06-14 00:00:00,23,18,29.4,,,320,10.3,29.6,1018.3,
2019-06-15 00:00:00,21.3,15,27.2,,,21,9.8,22.2,1018.7,
2019-06-16 00:00:00,17.6,15,22.1,17,,114,9.8,20.4,1015.4,
2019-06-17 00:00:00,17.6,16.6,21.2,0.3,,274,11.8,27.8,1016.8,
2019-06-18 00:00:00,19.3,13,25.7,,,335,7.9,22.2,1020.1,
2019-06-19 00:00:00,21.9,12.2,28.9,,,,7.7,22.2,1017.4,
2019-06-20 00:00:00,21.9,18,29.3,,,148,13.4,27.8,1012.8,
2019-06-21 00:00:00,20.8,17,27,,,202,8.7,18.5,1013.3,
2019-06-22 00:00:00,19.9,17,24.8,,,317,14,27.8,1018.9,
2019-06-23 00:00:00,18.9,11.5,25.1,,,20,10.9,22.2,1022.7,
2019-06-24 00:00:00,20.2,11,26.7,,,14,10.2,24.1,1026,
2019-06-25 00:00:00,21.9,12.8,29,,,114,7.5,16.7,1028.3,
2019-06-26 00:00:00,25,16,32.3,,,216,13.7,31.5,1019.9,
2019-06-27 00:00:00,18.1,16,21.9,8.9,,286,18.7,44.5,1008.6,
2019-06-28 00:00:00,15.7,10.5,20.9,,,327,22.4,42.6,1013.4,
2019-06-29 00:00:00,15.3,9.8,19.7,,,303,14.1,35.2,1015.3,
2019-06-30 00:00:00,22.1,14.1,29.5,,,269,14.9,27.8,1011.3,
2019-07-01 00:00:00,21.5,16,28,,,250,17.5,40.8,1007.6,
2019-07-02 00:00:00,16.8,14,23.1,1,,257,19.7,42.6,1009.6,
2019-07-03 00:00:00,13.3,11.6,18,,,277,18.6,42.6,1012.1,
2019-07-04 00:00:00,12.7,7,17.5,,,247,17.4,37,1014.6,
2019-07-05 00:00:00,13.4,10.5,18.6,6.1,,236,22.7,38.9,1005.9,
2019-07-06 00:00:00,15.1,10.5,20,,,268,21.6,42.6,1004.1,
2019-07-07 00:00:00,14.4,11,19.5,4.1,,239,17.1,35.2,1001.3,
2019-07-08 00:00:00,13.2,10.6,17.5,1,,268,16.4,31.5,1003.3,
2019-07-09 00:00:00,14.4,12,20.6,0.5,,288,11.6,25.9,1004.3,
2019-07-10 00:00:00,14.1,12,17.3,8.1,,313,13.1,24.1,1004.8,
2019-07-11 00:00:00,15.1,11.9,19.8,,,312,11.2,22.2,1007.3,
2019-07-12 00:00:00,15.3,12,20.4,,,346,9.3,18.5,1008.2,
2019-07-13 00:00:00,14.6,8.4,19.8,,,,4.6,14.8,1010,
2019-07-14 00:00:00,15.3,9.9,20.8,,,76,6.8,20.4,1010.3,
2019-07-15 00:00:00,16.6,8.8,22.8,,,330,7.3,22.2,1011.1,
2019-07-16 00:00:00,14.2,8,21.6,,,206,9.1,22.2,1008.1,
2019-07-17 00:00:00,13.7,11,17.5,0.5,,303,11,24.1,1006.4,
2019-07-18 00:00:00,16.4,12.9,22.2,,,310,13.1,29.6,1009,
2019-07-19 00:00:00,18.3,12.2,24.2,,,282,13.2,29.6,1012.8,
2019-07-20 00:00:00,19.9,9.7,27.6,,,294,5.9,18.5,1015.8,
2019-07-21 00:00:00,22.2,14.7,30.2,,,164,8.3,20.4,1016.5,
2019-07-22 00:00:00,18.1,16,23.4,4.1,,303,11.6,31.5,1016.3,
2019-07-23 00:00:00,17.8,13,23.3,,,316,14.9,25.9,1015.9,
2019-07-24 00:00:00,21.1,16.4,26.6,,,344,12.8,24.1,1016.3,
2019-07-25 00:00:00,19.2,14,27.4,,,332,11.9,29.6,1016.8,
2019-07-26 00:00:00,18.3,13.6,23.6,,,41,15.3,25.9,1015.5,
2019-07-27 00:00:00,17.9,17,20,7.9,,71,8.9,20.4,1014.8,
2019-07-28 00:00:00,22.3,16.5,28.4,,,97,6.7,18.5,1011.5,
2019-07-29 00:00:00,22.9,17.3,29,,,42,7.3,20.4,1008.1,
2019-07-30 00:00:00,17.9,15,26.1,,,49,9.6,22.2,1007.4,
2019-07-31 00:00:00,14.5,9.5,18,,,348,14.2,25.9,1012.7,
2019-08-01 00:00:00,13.7,11.7,16.2,,,340,6.2,14.8,1014.6,
2019-08-02 00:00:00,14.9,12,20.6,,,306,7.9,22.2,1011.2,
2019-08-03 00:00:00,15.5,9.8,20.5,,,333,9.3,25.9,1009.8,
2019-08-04 00:00:00,14.2,9,20,,,340,9.6,24.1,1009.9,
2019-08-05 00:00:00,14.5,8.3,20.9,,,307,9.4,25.9,1010.7,
2019-08-06 00:00:00,16.6,6.9,26.5,,,197,7.1,22.2,1010.3,
2019-08-07 00:00:00,18.2,13,24.7,,,204,7.2,20.4,1007.8,
2019-08-08 00:00:00,17.1,15,20.4,34,,213,14.1,37,1003.8,
2019-08-09 00:00:00,16.4,12.9,22.7,0,,260,13.2,25.9,1009.4,
2019-08-10 00:00:00,17.1,9.8,22.7,,,233,6.1,16.7,1014.7,
2019-08-11 00:00:00,19.1,14.7,25.9,5.1,,246,10.8,25.9,1014.3,
2019-08-12 00:00:00,20.4,12,27.7,,,161,8.7,25.9,1015.5,
2019-08-13 00:00:00,18.7,16,22.7,8.1,,261,9.6,24.1,1011.2,
2019-08-14 00:00:00,14.2,12,17.6,,,332,4.5,13,1014.1,
2019-08-15 00:00:00,14.6,8,20.9,,,242,7.9,22.2,1015.5,
2019-08-16 00:00:00,16.4,9,23.5,,,161,3.6,13,1016.4,
2019-08-17 00:00:00,18.1,10.5,25.4,,,118,3.8,14.8,1016.1,
2019-08-18 00:00:00,19.8,12,26.8,,,163,8.1,24.1,1012.8,
2019-08-19 00:00:00,22.1,17,30.2,0,,198,13.9,29.6,1013.4,
2019-08-20 00:00:00,19.8,16,24.4,,,357,4.1,14.8,1021.4,
2019-08-21 00:00:00,15.7,12,21,23.9,,29,12,31.5,1021.1,
2019-08-22 00:00:00,15.2,8.9,21.3,,,307,5.5,20.4,1028.7,
2019-08-23 00:00:00,16.7,11,23.4,,,194,5.7,16.7,1029.6,
2019-08-24 00:00:00,18.1,10,25.9,,,223,8.5,22.2,1027.1,
2019-08-25 00:00:00,20.2,13.6,26.7,,,76,4.4,14.8,1027.5,
2019-08-26 00:00:00,20.3,13.9,27.3,,,167,5.1,14.8,1027.1,
2019-08-27 00:00:00,20.8,13.3,28.1,,,35,3.6,16.7,1026.1,
2019-08-28 00:00:00,20.6,13.4,26.9,,,114,8.8,24.1,1024.8,
2019-08-29 00:00:00,20.7,15.3,27.1,,,146,15.7,29.6,1020.1,
2019-08-30 00:00:00,19.6,16,24.2,,,260,8.9,25.9,1020.4,
2019-08-31 00:00:00,18.9,14.8,25,,,335,5.7,14.8,1021.9,
2019-09-01 00:00:00,18.9,13,25.3,,,127,7.5,22.2,1017.4,
2019-09-02 00:00:00,19.4,14,27.8,,,184,13.5,25.9,1013.9,
2019-09-03 00:00:00,13.1,11,16,3.3,,299,8.9,22.2,1018.9,
2019-09-04 00:00:00,13.6,6,20.6,,,208,6.9,22.2,1018,
2019-09-05 00:00:00,15.8,10,23.2,,,176,12.1,29.6,1015.6,
2019-09-06 00:00:00,15.4,12,20.7,,,258,12.6,25.9,1018.8,
2019-09-07 00:00:00,15.4,7.3,21.6,,,107,7.6,20.4,1023.2,
2019-09-08 00:00:00,19.5,15.4,25,,,130,14.1,29.6,1020.1,
2019-09-09 00:00:00,20.3,15,27.4,,,138,13.8,33.3,1019.7,
2019-09-10 00:00:00,16.8,14,20.5,,,157,16.7,35.2,1018.8,
2019-09-11 00:00:00,14.8,9,21.9,,,182,12.5,31.5,1024.2,
2019-09-12 00:00:00,16.6,9.6,24.5,,,217,12.2,31.5,1024,
2019-09-13 00:00:00,14.4,10,19.9,,,234,15.7,35.2,1021.3,
2019-09-14 00:00:00,11.6,6,17.1,,,268,14.3,37,1023.7,
2019-09-15 00:00:00,12.6,6,17.3,,,224,19.5,40.8,1015.9,
2019-09-16 00:00:00,12.4,10,16.9,1,,264,24,50,1005.5,
2019-09-17 00:00:00,8.9,7,14.8,0.8,,250,17.2,33.3,1003.2,
2019-09-18 00:00:00,8.2,6,12,,,282,14,29.6,1003.2,
2019-09-19 00:00:00,8.3,6,13.5,0.5,,296,11.7,24.1,1014.9,
2019-09-20 00:00:00,6.4,3,11.5,,,301,13.6,29.6,1019.3,
2019-09-21 00:00:00,8.9,1,13.8,1.5,,230,13.4,31.5,1016.6,
2019-09-22 00:00:00,9.5,5,15.6,,,312,16.2,31.5,1015.1,
2019-09-23 00:00:00,4.1,-1,11.6,,,52,6.5,16.7,1022.3,
2019-09-24 00:00:00,5.1,-1.8,12,,,137,3.7,14.8,1020.8,
2019-09-25 00:00:00,6.4,1.2,10.1,,,120,9.7,22.2,1015.9,
2019-09-26 00:00:00,9.9,2.8,18.4,,,76,6.9,20.4,1013.2,
2019-09-27 00:00:00,10.1,2.3,18.9,,,152,5.1,16.7,1016.1,
2019-09-28 00:00:00,8.9,6,11,,,167,12.8,27.8,1011.5,
2019-09-29 00:00:00,11.8,10.4,14.6,2,,207,13.8,27.8,1005.5,
2019-09-30 00:00:00,12.7,11,14.5,16,,198,17.2,27.8,991.7,
2019-10-01 00:00:00,10.7,8.5,12.7,3.3,,245,21.5,40.8,998.8,
2019-10-02 00:00:00,12,11,14,,,203,15.3,27.8,999.4,
2019-10-03 00:00:00,8.1,7,11.8,,,295,11.1,22.2,1005.6,
2019-10-04 00:00:00,6.1,3,10.4,,,230,10.4,24.1,1008.7,
2019-10-05 00:00:00,3.8,0,7.4,,,22,9.4,18.5,1013.7,
2019-10-06 00:00:00,1.6,-1.9,5,,,339,9.6,20.4,1017.8,
2019-10-07 00:00:00,1.7,0,3.3,,,276,6.8,18.5,1015.7,
2019-10-08 00:00:00,3.9,1.6,6.2,0.5,,207,14.4,27.8,1011.8,
2019-10-09 00:00:00,8.9,4.2,13,3.8,,211,17.2,29.6,1005.4,
2019-10-10 00:00:00,9.2,8,10.6,11.9,,216,11.2,20.4,1004.7,
2019-10-11 00:00:00,9.3,8,11.4,0,,225,17.7,31.5,1010.9,
2019-10-12 00:00:00,10.4,9,13.1,6.1,,224,21.4,37,1007.2,
2019-10-13 00:00:00,10.8,10,12.1,4.1,,229,10.4,22.2,1014.1,
2019-10-14 00:00:00,14.3,8,20.5,,,214,16.5,33.3,1013.8,
2019-10-15 00:00:00,11.4,4,16.6,,,138,9.4,25.9,1018.1,
2019-10-16 00:00:00,15.2,12,20.7,,,166,19.1,33.3,1011.4,
2019-10-17 00:00:00,11.4,9,15,0.5,,213,19,33.3,1012.9,
2019-10-18 00:00:00,12.6,9.8,18.4,,,170,11.8,24.1,1015.7,
2019-10-19 00:00:00,12.9,9,18.7,,,174,10.4,22.2,1014.2,
2019-10-20 00:00:00,12.4,6.9,18.8,,,152,6.8,20.4,1016.3,
2019-10-21 00:00:00,12.7,8.7,19.7,,,193,6.7,13,1018.9,
2019-10-22 00:00:00,13.6,10,20.7,,,226,9.4,24.1,1021.1,
2019-10-23 00:00:00,10.1,6.9,14.8,,,246,8.2,22.2,1021.1,
2019-10-24 00:00:00,9.1,3.7,15.2,,,148,7.7,20.4,1020.2,
2019-10-25 00:00:00,9.9,7.6,11.4,,,184,14.3,29.6,1016.5,
2019-10-26 00:00:00,11.1,9,14.2,,,215,17.7,37,1016.8,
2019-10-27 00:00:00,10.5,7.3,16,,,231,21.2,40.8,1008.2,
2019-10-28 00:00:00,5.8,4,8.3,2.3,,241,12.4,25.9,1012.2,
2019-10-29 00:00:00,3.2,1.6,5.7,,,288,14,29.6,1016.4,
2019-10-30 00:00:00,-0.7,-3.6,2.2,0.3,,298,6.9,20.4,1025.1,
2019-10-31 00:00:00,-0.7,-6,3,,,194,13,27.8,1024.4,
2019-11-01 00:00:00,3.5,1.5,6.2,0.5,,236,12.1,20.4,1018.9,
2019-11-02 00:00:00,2.6,0,6.1,,,164,21.9,37,1006.9,
2019-11-03 00:00:00,7.6,3.3,10.1,,,173,20,33.3,998.4,
2019-11-04 00:00:00,12.2,9,14.5,0.3,,170,17.2,27.8,992.9,
2019-11-05 00:00:00,9.8,9,12.2,9.1,,225,17.5,33.3,992.5,
2019-11-06 00:00:00,7.2,5.5,8.9,,,202,10.5,24.1,996.8,
2019-11-07 00:00:00,5.5,3,8,,,193,12.5,24.1,1006.4,
2019-11-08 00:00:00,6.9,3,9.6,,,159,11.5,25.9,1015.4,
2019-11-09 00:00:00,8.8,7,10.4,4.8,,154,14.8,24.1,1010.9,
2019-11-10 00:00:00,8.4,6,11,6.1,,257,9.4,24.1,1011.5,
2019-11-11 00:00:00,5.3,2.6,7,5.6,,299,10.3,22.2,1013.2,
2019-11-12 00:00:00,4.6,0,7.2,,,147,17.5,33.3,1017.4,
2019-11-13 00:00:00,10.2,6.8,12.1,0,,151,23.7,38.9,1009.9,
2019-11-14 00:00:00,9.2,7,11.4,2,,162,18.2,38.9,1012.5,
2019-11-15 00:00:00,6.2,5,8,8.9,,102,9.4,18.5,1019.6,
2019-11-16 00:00:00,6.3,4.8,8,,,153,17.4,31.5,1018,
2019-11-17 00:00:00,8.1,7,9.1,,,157,13.4,29.6,1021.9,
2019-11-18 00:00:00,7.5,5,10,,,136,18,33.3,1019.4,
2019-11-19 00:00:00,4.2,3,6.3,0,,157,16.1,33.3,1023.8,
2019-11-20 00:00:00,4.2,2.9,6.2,,,132,14.7,29.6,1028.8,
2019-11-21 00:00:00,1.6,-0.5,3.4,,,132,23.7,40.8,1030.4,
2019-11-22 00:00:00,-2.6,-3.1,-1,,,143,25.1,38.9,1029.5,
2019-11-23 00:00:00,-4.6,-6,-2.5,,,142,21.3,35.2,1026.9,
2019-11-24 00:00:00,-2.9,-4.1,-0.9,,,140,16.3,27.8,1024.1,
2019-11-25 00:00:00,-2.7,-3,-2,,,148,16.1,24.1,1020.7,
2019-11-26 00:00:00,-2,-3,-0.4,0,,167,15.7,22.2,1015.7,
2019-11-27 00:00:00,-0.8,-1,0,,,166,15.2,29.6,1009.1,
2019-11-28 00:00:00,0.4,-0.6,1.4,,,166,22.6,31.5,1001.9,
2019-11-29 00:00:00,2.7,1,6.2,2,,184,15.8,31.5,995,
2019-11-30 00:00:00,0.3,-1,2.3,1,,272,17.5,35.2,1006.1,
2019-12-01 00:00:00,-1.6,-3,0.8,0,,243,13.6,25.9,1017.9,
2019-12-02 00:00:00,-0.9,-2.1,0.4,1,,224,17.7,27.8,1011.8,
2019-12-03 00:00:00,-2.1,-3,1.1,,10,283,13.3,24.1,1016.9,
2019-12-04 00:00:00,1.1,-3,5,1.3,10,230,16.8,29.6,1016.6,
2019-12-05 00:00:00,1.4,-2,5,,,241,16.8,29.6,1016.9,
2019-12-06 00:00:00,-0.1,-3,2.8,,,203,20.4,40.8,1008.1,
2019-12-07 00:00:00,0.9,-0.2,4.3,2.3,,196,21.4,33.3,1001.5,
2019-12-08 00:00:00,3.8,2.7,5.7,2,,222,22.2,38.9,1000.9,
2019-12-09 00:00:00,4.5,3,6.4,2.3,,200,20.2,38.9,999.5,
2019-12-10 00:00:00,2.8,1.6,4.3,0.3,,216,13.6,24.1,1009.8,
2019-12-11 00:00:00,-1.1,-3.4,1,0,,226,10.1,20.4,1019.7,
2019-12-12 00:00:00,1.4,-0.8,4,0.5,,160,21.3,31.5,1011.7,
2019-12-13 00:00:00,1.2,0,4,,,153,24,37,1002.9,
2019-12-14 00:00:00,0.7,0,1.2,2.3,,154,26.6,37,999,
2019-12-15 00:00:00,2.2,0.2,3.6,5.1,,198,18.3,31.5,1000.1,
2019-12-16 00:00:00,2.3,0,5.6,,,219,19.2,35.2,1009.3,
2019-12-17 00:00:00,3.6,0.8,4.4,0.8,,180,11.7,24.1,1011,
2019-12-18 00:00:00,5.6,3.8,9.8,,,214,19.6,37,1010,
2019-12-19 00:00:00,3,-1,5.4,,,248,14.9,35.2,1022.7,
2019-12-20 00:00:00,2.1,-1,3.6,,,156,15.6,31.5,1013.5,
2019-12-21 00:00:00,4.4,2,6.2,,,158,18.3,31.5,997.4,
2019-12-22 00:00:00,5.6,5,6.1,1.8,,126,7.8,20.4,993.3,
2019-12-23 00:00:00,5.1,4,6.1,,,78,5.1,13,996.7,
2019-12-24 00:00:00,5.2,5,6,8.4,,7,7.5,14.8,1003.3,
2019-12-25 00:00:00,4.3,3.6,5,6.1,,335,11.1,22.2,1006.4,
2019-12-26 00:00:00,1.2,0,3,7.1,,338,14.7,24.1,1012,
2019-12-27 00:00:00,-0.3,-1,0.1,1,,339,19.7,31.5,1017.2,
2019-12-28 00:00:00,-1.5,-3,0,,10,7,21.9,33.3,1029,
2019-12-29 00:00:00,-3.4,-6,-1.5,,,303,10.7,25.9,1034.5,
2019-12-30 00:00:00,0.8,-4.3,3.4,0,,220,24,40.8,1019.5,
2019-12-31 00:00:00,3,1.7,5,1.5,,279,20.5,40.8,1006.8,
2020-01-01 00:00:00,1,-1,3.3,,,275,16.9,35.2,1020.6,
2020-01-02 00:00:00,1.3,-1,3.4,,,260,18.1,33.3,1018.1,
2020-01-03 00:00:00,-0.7,-4,4,,,214,15.3,31.5,1014.1,
2020-01-04 00:00:00,1,-1,4,3,,241,19.1,40.8,1004,
2020-01-05 00:00:00,-1.3,-3.6,0.3,,,310,13,27.8,1018.5,
2020-01-06 00:00:00,-1.7,-5,0,0.8,,202,13.7,29.6,1024.8,
2020-01-07 00:00:00,0,0,0.5,0,10,195,11.3,20.4,1025.3,
2020-01-08 00:00:00,0.2,-1,2.1,4.1,,207,19.9,35.2,1021.1,
2020-01-09 00:00:00,2.6,1,4,,,231,11.7,27.8,1017.1,
2020-01-10 00:00:00,3.8,0.8,5,9.9,,183,11.3,24.1,1011.2,
2020-01-11 00:00:00,2.6,0,6,,,300,12.2,27.8,1018.2,
2020-01-12 00:00:00,1.9,0,3.5,,,224,21.6,38.9,1017.7,
2020-01-13 00:00:00,1.8,0,3.5,,,237,12.2,27.8,1014.9,
2020-01-14 00:00:00,2.7,2,3.6,,,203,16.4,37,1018,
2020-01-15 00:00:00,3,1,6.7,,,191,23.7,37,1016.7,
2020-01-16 00:00:00,4.4,2,6.8,,,240,17.7,31.5,1022.3,
2020-01-17 00:00:00,1.2,-1.2,5,,,216,12.5,25.9,1028.9,
2020-01-18 00:00:00,-0.7,-2,0.7,,,183,19.4,31.5,1022,
2020-01-19 00:00:00,0.8,0,2.2,,,208,9.5,18.5,1028.4,
2020-01-20 00:00:00,2.2,1.9,3.1,,,267,18,33.3,1035.8,
2020-01-21 00:00:00,3.3,1,5,0.5,,262,25.8,46.3,1023.8,
2020-01-22 00:00:00,2.5,1,4.4,4.1,,293,19.5,40.8,1012.8,
2020-01-23 00:00:00,0.7,0,2.6,,,289,19.2,33.3,1021.8,
2020-01-24 00:00:00,2.3,-0.2,3.5,0.5,,250,21.7,38.9,1012.8,
2020-01-25 00:00:00,3.2,1.9,5.3,,,274,19.6,35.2,1011.3,
2020-01-26 00:00:00,1.8,0.6,3.6,0,,249,14.9,27.8,1016.4,
2020-01-27 00:00:00,-0.3,-1,0.4,0.5,,226,8.6,20.4,1012.9,
2020-01-28 00:00:00,0.4,-2,2.6,,,163,12.4,29.6,1003.7,
2020-01-29 00:00:00,0.7,0,2.6,4.8,,175,10.9,29.6,995.9,
2020-01-30 00:00:00,1.2,0,3.2,1.3,,246,11.7,20.4,1000.8,
2020-01-31 00:00:00,1.8,0.7,3.4,4.1,,187,10.7,22.2,996.5,
2020-02-01 00:00:00,4.8,2,8,4.1,,215,14.3,27.8,998.7,
2020-02-02 00:00:00,4.6,2.8,8,7.9,,250,23.4,46.3,992.3,
2020-02-03 00:00:00,1.9,1,3.6,,,282,19.8,37,996.9,
2020-02-04 00:00:00,-0.5,-3,1.8,,,39,10.8,20.4,1000.7,
2020-02-05 00:00:00,-3.3,-6.5,0,,,328,13.4,24.1,1016.4,
2020-02-06 00:00:00,-0.6,-4.5,3.1,4.1,10,299,18.9,35.2,1012.9,
2020-02-07 00:00:00,-3.6,-6,-0.6,,,326,13.3,27.8,1024.4,
2020-02-08 00:00:00,-0.3,-3.4,0.4,,,258,11.3,27.8,1023.4,
2020-02-09 00:00:00,0.4,-3.3,5.1,,,189,18.9,42.6,1017.2,
2020-02-10 00:00:00,2.4,0,4.5,,,196,31.2,51.8,989.1,
2020-02-11 00:00:00,1.6,0,4.5,4.1,,217,18.6,29.6,987.4,
2020-02-12 00:00:00,0.9,0,2.4,8.9,,230,20.5,33.3,994.8,
2020-02-13 00:00:00,1.4,0.4,4.4,3,,235,18.7,35.2,1005.8,
2020-02-14 00:00:00,-0.1,-3,4.1,,,134,9.1,20.4,1015.9,
2020-02-15 00:00:00,-1.3,-5.4,3.9,,,188,16.9,29.6,1024.9,
2020-02-16 00:00:00,2.5,-1,5.5,,,188,30.4,42.6,1015.8,
2020-02-17 00:00:00,6.1,3,10.7,1.3,,217,24.1,44.5,1007.5,
2020-02-18 00:00:00,2.9,1,6.9,,,221,16.1,31.5,1010.4,
2020-02-19 00:00:00,3.3,1.4,6.5,,,218,19.2,31.5,1010.8,
2020-02-20 00:00:00,1.8,-1,5.9,,,227,9.5,22.2,1016.1,
2020-02-21 00:00:00,1.6,-1,5.1,,,186,20.4,38.9,1015.5,
2020-02-22 00:00:00,2.6,0.4,5,4.1,,204,25.9,51.8,1012.9,
2020-02-23 00:00:00,3.1,1,5.5,0.3,,248,23.9,46.3,999,
2020-02-24 00:00:00,1.8,-0.7,6.2,0.5,,272,14.9,37,1002.1,
2020-02-25 00:00:00,-0.1,-4,2.3,,,165,12.1,29.6,998.9,
2020-02-26 00:00:00,3.2,-1,8.4,,,201,13.8,25.9,991,
2020-02-27 00:00:00,1,-0.2,3.3,2,,241,14,29.6,994.3,
2020-02-28 00:00:00,0.1,-1,2.7,0.3,,255,18.7,31.5,1002,
2020-02-29 00:00:00,1.5,-1,5.1,0.3,,208,15.2,33.3,1006.1,
2020-03-01 00:00:00,3.8,1,8.5,2,,189,22.1,35.2,999.9,
2020-03-02 00:00:00,5.1,0.7,9.8,,,157,16.4,27.8,1000.4,
2020-03-03 00:00:00,5.6,3.7,8.5,,,141,11,24.1,1002.4,
2020-03-04 00:00:00,5.7,4,7.4,1.8,,184,15.2,24.1,1005.8,
2020-03-05 00:00:00,2.1,0,7.3,8.9,,256,10.7,22.2,1007.2,
2020-03-06 00:00:00,2.6,-2,8.3,,,142,10,20.4,1007.1,
2020-03-07 00:00:00,3.5,2,5,1.3,,139,12.1,20.4,1007.5,
2020-03-08 00:00:00,4.6,4,6.2,2,,226,9.8,16.7,1014.9,
2020-03-09 00:00:00,4.1,1.9,6,,,162,11.2,18.5,1015.5,
2020-03-10 00:00:00,3.5,0,6.3,,,181,12.1,25.9,1010.2,
2020-03-11 00:00:00,5.1,3.2,8.2,6.1,,228,24.1,44.5,997.6,
2020-03-12 00:00:00,4.7,0,8.4,11.9,,233,25.3,48.2,998.4,
2020-03-13 00:00:00,3.7,1,8.8,,,248,24.5,48.2,1001.5,
2020-03-14 00:00:00,-1.3,-3.4,2.4,,,296,22.4,46.3,1010.2,
2020-03-15 00:00:00,-1.3,-5.1,4.9,,,265,13.9,25.9,1026.1,
2020-03-16 00:00:00,3.4,-3,10.3,,,203,22.9,40.8,1020.3,
2020-03-17 00:00:00,3.8,1,10.3,,,292,11.4,22.2,1023.3,
2020-03-18 00:00:00,7.8,1,13.3,,,216,18.6,35.2,1022,
2020-03-19 00:00:00,6.6,2.5,9.3,,,280,18.5,33.3,1018.8,
2020-03-20 00:00:00,2.8,-1,9.9,,,264,10,25.9,1022,
2020-03-21 00:00:00,-0.3,-3,2,0.3,,354,18.3,35.2,1023.5,
2020-03-22 00:00:00,-1.7,-5,2.3,,,29,20,37,1033.3,
2020-03-23 00:00:00,-1.8,-7,3.6,,,27,11.8,22.2,1039.7,
2020-03-24 00:00:00,-0.5,-8.2,6,,,333,10.9,14.8,1039.3,
2020-03-25 00:00:00,1.6,-7,10.6,,,193,9.4,18.5,1037.9,
2020-03-26 00:00:00,4.6,-3.7,12.1,,,142,10.3,18.5,1036.1,
2020-03-27 00:00:00,7.1,-3.1,14.5,,,96,13.1,22.2,1030.5,
2020-03-28 00:00:00,9.1,-2.1,17.7,,,12,9.8,14.8,1018.9,
2020-03-29 00:00:00,3.1,-2,9,,,357,17.4,37,1011.7,
2020-03-30 00:00:00,-1.2,-5,3.1,,10,359,17.5,31.5,1017.5,
2020-03-31 00:00:00,-0.4,-7,4.9,,,287,7.8,18.5,1021.3,
2020-04-01 00:00:00,0.4,-2,3.6,0.3,,242,19,38.9,1012.1,
2020-04-02 00:00:00,4.2,1,6.7,0.5,,230,19.9,38.9,1004.7,
2020-04-03 00:00:00,4.2,1,9.9,0,,234,26.6,48.2,1001.9,
2020-04-04 00:00:00,3.4,0,8.5,0,,268,18.4,35.2,1018.7,
2020-04-05 00:00:00,3.9,-3,11.3,,,276,13.7,27.8,1032.4,
2020-04-06 00:00:00,7.6,-2,16.3,,,190,8.8,22.2,1034,
2020-04-07 00:00:00,11.9,2,20.7,,,192,16.6,37,1029.3,
2020-04-08 00:00:00,8.6,4,15.4,,,313,14.2,27.8,1027.6,
2020-04-09 00:00:00,8.8,1,16.6,,,225,18.6,38.9,1016.1,
2020-04-10 00:00:00,5.6,-0.1,10.8,,,319,14.7,31.5,1020.1,
2020-04-11 00:00:00,4.2,-0.4,10.2,,,330,14.6,27.8,1025,
2020-04-12 00:00:00,7,-2,13.6,,,195,16.9,37,1019.9,
2020-04-13 00:00:00,6.5,2,14,,,231,21,38.9,1003.2,
2020-04-14 00:00:00,1.5,-4,7.1,0.3,,266,17,37,1008.1,
2020-04-15 00:00:00,2.9,-1,8.3,3.8,,251,17.9,35.2,1008.3,
2020-04-16 00:00:00,7,5,12.9,,,276,28.5,59.3,1002.9,
2020-04-17 00:00:00,4.3,-0.3,9.4,0,,295,15.2,40.8,1010.2,
2020-04-18 00:00:00,4.3,-1,9.1,,,305,16.6,35.2,1015.6,
2020-04-19 00:00:00,3.3,-1.3,8.3,,,336,13.3,27.8,1017.4,
2020-04-20 00:00:00,5.6,0,9.7,,,329,9.8,22.2,1024,
2020-04-21 00:00:00,8.5,2.4,13.7,,,345,10.9,22.2,1026.3,
2020-04-22 00:00:00,9.8,3,15.7,,,338,12.3,25.9,1024.7,
2020-04-23 00:00:00,10.2,2,16.5,,,295,14.3,29.6,1017.7,
2020-04-24 00:00:00,9.8,2.3,17.6,,,284,14.2,25.9,1005.6,
2020-04-25 00:00:00,7.3,4,11.9,,,347,14.5,33.3,999.5,
2020-04-26 00:00:00,6.3,-2,11.3,,,303,12.9,29.6,1006.5,
2020-04-27 00:00:00,8.3,3,14.3,,,312,13,25.9,1010,
2020-04-28 00:00:00,13.3,6.6,19.9,0.3,,205,15.8,31.5,1004.4,
2020-04-29 00:00:00,6.4,4,12.4,0,,330,11.7,24.1,1005,
2020-04-30 00:00:00,7.6,2,14.6,,,64,8.9,20.4,1010.2,
2020-05-01 00:00:00,9.9,2,17.1,,,131,13.8,31.5,1009.6,
2020-05-02 00:00:00,9.7,7,13.5,11.4,,151,13.1,24.1,1005.1,
2020-05-03 00:00:00,10.4,5,16.3,2.5,,286,10.4,24.1,1009,
2020-05-04 00:00:00,10.3,6,15.4,,,333,9.2,22.2,1014.6,
2020-05-05 00:00:00,10.7,5,16.1,,,351,13.3,20.4,1010.6,
2020-05-06 00:00:00,10.8,8,15.4,8.1,,350,18.4,25.9,1005.8,
2020-05-07 00:00:00,8.7,4.2,14,,,333,19.1,37,1010.7,
2020-05-08 00:00:00,9.1,1,16,,,307,8.7,20.4,1015.8,
2020-05-09 00:00:00,10.9,2.7,17.1,,,292,11.5,24.1,1013.1,
2020-05-10 00:00:00,13.3,4,20.8,,,193,10.5,18.5,1011.2,
2020-05-11 00:00:00,12.4,6,22.7,6.1,,179,14.1,33.3,1000.8,
2020-05-12 00:00:00,2.3,-1,9.2,15,10,327,20.9,38.9,1004.6,
2020-05-13 00:00:00,4.6,0,10,,,217,17.9,35.2,1011.7,
2020-05-14 00:00:00,5.5,-0.4,10.8,,,295,8.9,24.1,1013.3,
2020-05-15 00:00:00,8.4,0.6,14.2,,,262,13.4,29.6,1014,
2020-05-16 00:00:00,8.3,5,12.2,2,,243,16.5,42.6,1013.2,
2020-05-17 00:00:00,8.9,6.2,13.3,3,,241,20.9,38.9,1013.1,
2020-05-18 00:00:00,7.8,4.7,12.7,15,,268,17.3,33.3,1012.9,
2020-05-19 00:00:00,8.2,3,12.7,2.5,,238,8.1,16.7,1013.1,
2020-05-20 00:00:00,8.7,5,13,,,330,16.4,37,1015.8,
2020-05-21 00:00:00,6.8,2.8,12,,,323,18,38.9,1017.7,
2020-05-22 00:00:00,8.7,5.5,13.7,0.5,,350,12.4,24.1,1020.2,
2020-05-23 00:00:00,11.7,4,19.2,,,53,6.4,14.8,1021.4,
2020-05-24 00:00:00,10,9,11.7,,,227,9.5,16.7,1017.6,
2020-05-25 00:00:00,11.2,7.6,17.9,,,335,11.1,18.5,1021.6,
2020-05-26 00:00:00,13.5,6,19.2,,,4,8.2,20.4,1028,
2020-05-27 00:00:00,14.8,8,20.9,,,333,13.5,24.1,1026.2,
2020-05-28 00:00:00,14.8,7.7,20.4,,,341,12.1,24.1,1022.8,
2020-05-29 00:00:00,14,7.3,18.5,,,4,20.9,33.3,1020,
2020-05-30 00:00:00,14.4,11.3,18.7,4.1,,8,23.9,40.8,1013.7,
2020-05-31 00:00:00,16,13,20.7,,,33,26.2,40.8,1013.7,
2020-06-01 00:00:00,11.3,7,16.4,,,15,17.9,33.3,1018.2,
2020-06-02 00:00:00,11.6,5.7,17.6,,,24,20.7,37,1012.1,
2020-06-03 00:00:00,10.9,9,18,6.6,,54,12.8,24.1,1006.7,
2020-06-04 00:00:00,11.8,8,18.1,,,80,9.1,16.7,1001.9,
2020-06-05 00:00:00,15.4,6,21.6,,,157,14.4,33.3,1000.4,
2020-06-06 00:00:00,17.6,14.8,22,,,201,18.7,38.9,1004.2,
2020-06-07 00:00:00,20.4,13,25.9,,,148,14.7,31.5,1010.7,
2020-06-08 00:00:00,22,17,30.1,,,133,14.2,31.5,1009.7,
2020-06-09 00:00:00,19.7,16.7,25,14,,356,10.4,16.7,1013.2,
2020-06-10 00:00:00,20.7,16,26,0.5,,13,10.3,20.4,1012.3,
2020-06-11 00:00:00,22.7,17,30.3,,,42,7.5,18.5,1011.4,
2020-06-12 00:00:00,20.2,16.9,25.8,,,53,10.3,22.2,1013.5,
2020-06-13 00:00:00,17,15,19.8,,,45,16.4,31.5,1015.9,
2020-06-14 00:00:00,13,12,14.8,,,44,14.2,29.6,1015.1,
2020-06-15 00:00:00,15.6,12.8,20,,,115,6.7,16.7,1013.6,
2020-06-16 00:00:00,18.9,12.8,24,,,20,11.8,16.7,1014.3,
2020-06-17 00:00:00,23.2,15.2,30,,,57,10,24.1,1012.5,
2020-06-18 00:00:00,23.5,19,29.7,,,117,11.4,25.9,1010.9,
2020-06-19 00:00:00,22.8,16,28.8,,,135,10.6,24.1,1012.3,
2020-06-20 00:00:00,21.6,18,29.7,,,92,9.6,22.2,1012.2,
2020-06-21 00:00:00,19.7,16,23.8,,,41,13.4,24.1,1013.2,
2020-06-22 00:00:00,19.4,16,24.3,,,57,9.5,20.4,1014.1,
2020-06-23 00:00:00,19.9,14,25.5,,,40,12.3,24.1,1016.8,
2020-06-24 00:00:00,21.7,15,27.4,,,49,9.2,22.2,1023.3,
2020-06-25 00:00:00,22.9,14.7,29.3,,,131,10.8,18.5,1026.9,
2020-06-26 00:00:00,23.6,15.4,29.7,,,125,10.5,25.9,1024.1,
2020-06-27 00:00:00,21.4,17,29.4,,,146,11.7,31.5,1015.9,
2020-06-28 00:00:00,20.4,15,25.5,,,300,9.4,22.2,1009.8,
2020-06-29 00:00:00,21.9,16,28.6,,,152,9.3,16.7,1008.4,
2020-06-30 00:00:00,18.1,13.9,22.7,,,242,16.8,37,1004.2,
2020-07-01 00:00:00,18.5,13,22.5,,,223,14.8,38.9,1007,
2020-07-02 00:00:00,19.8,16,26,1.8,,219,12.7,27.8,1008.2,
2020-07-03 00:00:00,18.8,16,24.1,,,27,7.8,18.5,1011.9,
2020-07-04 00:00:00,18.7,14,24.4,,,282,9.4,25.9,1014.7,
2020-07-05 00:00:00,19.8,14,24.9,0.3,,205,13.5,33.3,1010.6,
2020-07-06 00:00:00,20.1,16,24.6,,,248,11.7,27.8,1006.5,
2020-07-07 00:00:00,14.9,13.1,18.9,,,284,10.9,27.8,1010.5,
2020-07-08 00:00:00,12.9,9.1,18.6,,,248,12.4,29.6,1012,
2020-07-09 00:00:00,13.6,8,19.5,,,250,10.9,27.8,1015.4,
2020-07-10 00:00:00,17.3,11,23.6,0.5,,170,14.8,31.5,1012,
2020-07-11 00:00:00,16.2,14,19.7,3,,246,16.5,29.6,1015.1,
2020-07-12 00:00:00,14.6,11.3,19.6,0.5,,291,11.6,24.1,1020.2,
2020-07-13 00:00:00,14.7,8,20.2,,,298,10.1,22.2,1018.8,
2020-07-14 00:00:00,15.5,10.2,20.4,,,321,10,22.2,1017,
2020-07-15 00:00:00,16.8,10.9,22.5,,,359,11.1,22.2,1013.8,
2020-07-16 00:00:00,18.6,9.7,25.3,,,27,10.2,16.7,1012.3,
2020-07-17 00:00:00,19.6,12,25.7,,,24,8.5,20.4,1015.6,
2020-07-18 00:00:00,21.6,11.5,28.1,,,39,8.1,18.5,1020,
2020-07-19 00:00:00,21.6,13,28,,,44,10.9,18.5,1018.8,
2020-07-20 00:00:00,21.1,15,28.8,,,134,9.9,16.7,1014.3,
2020-07-21 00:00:00,17.2,15,21.2,3.8,,278,14.5,37,1013.2,
2020-07-22 00:00:00,13.4,10.8,19,,,268,17.4,46.3,1014.2,
2020-07-23 00:00:00,12.2,7,17.9,,,240,12.4,31.5,1013.4,
2020-07-24 00:00:00,14.8,5.9,22.5,,,211,10.8,27.8,1012.3,
2020-07-25 00:00:00,17.7,13,24,0.5,,220,11.1,25.9,1011,
2020-07-26 00:00:00,19.4,11,26.5,,,66,11.2,16.7,1015.4,
2020-07-27 00:00:00,21.1,15,28.7,,,65,11,18.5,1015.8,
2020-07-28 00:00:00,20.7,16.5,26.5,,,143,8.5,22.2,1013.3,
2020-07-29 00:00:00,19.1,17,23.4,,,250,14.3,31.5,1011.8,
2020-07-30 00:00:00,15.4,10,20.8,,,253,15,38.9,1014.8,
2020-07-31 00:00:00,14.5,12.9,17.2,2.3,,251,14.5,27.8,1011.6,
2020-08-01 00:00:00,16.6,14,21.8,0.5,,347,14.6,25.9,1013.2,
2020-08-02 00:00:00,17.2,9.4,24.2,,,344,11.2,14.8,1014.2,
2020-08-03 00:00:00,20,11,27,,,176,10.7,25.9,1011.5,
2020-08-04 00:00:00,18.9,17,24.6,4.1,,149,12.8,25.9,1009.9,
2020-08-05 00:00:00,18.2,16,23.1,,,320,11,22.2,1017.2,
2020-08-06 00:00:00,19.3,11.3,25.3,,,8,8.2,18.5,1025.3,
2020-08-07 00:00:00,22.3,13.7,28.8,,,46,8.3,18.5,1027.1,
2020-08-08 00:00:00,22.8,16.6,28.3,,,27,12.8,20.4,1024.3,
2020-08-09 00:00:00,21.3,15.8,27.6,,,24,11.8,18.5,1020.2,
2020-08-10 00:00:00,22.4,15.6,28.5,,,353,14.8,22.2,1018.5,
2020-08-11 00:00:00,17.6,12.3,23,,,5,14.1,27.8,1020.1,
2020-08-12 00:00:00,15.1,9.9,20.7,,,19,13.3,20.4,1021.9,
2020-08-13 00:00:00,15.6,8.6,22.1,,,21,10.9,14.8,1019.4,
2020-08-14 00:00:00,17.5,10.4,25.2,,,162,10.2,18.5,1018.2,
2020-08-15 00:00:00,20,13,27.8,,,253,11,18.5,1017.5,
2020-08-16 00:00:00,21.7,12.9,29.3,,,299,9.5,22.2,1016.7,
2020-08-17 00:00:00,21.5,12.4,29.2,,,334,10.5,20.4,1014.3,
2020-08-18 00:00:00,19.7,14,25.8,,,53,9.9,16.7,1010.1,
2020-08-19 00:00:00,19.1,16,23.9,,,72,8.2,18.5,1007.5,
2020-08-20 00:00:00,18.2,17,20.9,,,65,9.8,16.7,1011.2,
2020-08-21 00:00:00,19.6,14,27.5,,,12,10.9,18.5,1015.9,
2020-08-22 00:00:00,18.6,14,24.5,,,136,14.4,29.6,1016.5,
2020-08-23 00:00:00,19.7,17,25.1,,,237,12,22.2,1011.3,
2020-08-24 00:00:00,18.4,13.8,24.9,,,252,11.4,31.5,1011.4,
2020-08-25 00:00:00,14.4,10,22.6,5.1,,206,11.4,24.1,1010.4,
2020-08-26 00:00:00,13.4,8,19,4.8,,166,10.4,27.8,1007.1,
2020-08-27 00:00:00,15.7,13.3,18,6.6,,253,9.6,18.5,1001.5,
2020-08-28 00:00:00,14.4,11,20,,,331,10.4,18.5,1008.4,
2020-08-29 00:00:00,14.3,9,18.3,,,151,11.1,27.8,1009.5,
2020-08-30 00:00:00,14.9,13,18,,,146,8.4,14.8,1010.4,
2020-08-31 00:00:00,14,12,17,37.6,,3,13.8,20.4,1007.5,
2020-09-01 00:00:00,12.2,8.5,17.2,,,30,13.2,16.7,1016.6,
2020-09-02 00:00:00,14.9,12.8,18.5,0,,80,11.6,24.1,1015.9,
2020-09-03 00:00:00,15.7,13,22,,,211,11.7,24.1,1018.5,
2020-09-04 00:00:00,15.4,9,21.9,,,194,11.6,24.1,1019.9,
2020-09-05 00:00:00,17.1,13,22,,,206,12.5,24.1,1016.2,
2020-09-06 00:00:00,15.3,13,20.1,,,238,10.7,22.2,1014.3,
2020-09-07 00:00:00,11.8,7,16.9,,,205,10,20.4,1018.9,
2020-09-08 00:00:00,12.1,6,15.5,,,230,16.9,33.3,1018.8,
2020-09-09 00:00:00,15.8,12.7,20.9,,,257,16.6,31.5,1016.2,
2020-09-10 00:00:00,14.4,11,18.4,,,264,22.1,44.5,1010.9,
2020-09-11 00:00:00,10.4,4,18.4,,,222,11.1,22.2,1019.7,
2020-09-12 00:00:00,13.9,7.8,20.1,,,188,13.4,29.6,1020.1,
2020-09-13 00:00:00,14.6,12,20.1,,,254,17.5,33.3,1019.8,
2020-09-14 00:00:00,14.8,10.5,16.5,,,243,12.1,31.5,1024.1,
2020-09-15 00:00:00,17.4,14,24.2,,,264,11.1,22.2,1025.3,
2020-09-16 00:00:00,18.1,11,26.7,,,181,13,31.5,1017.8,
2020-09-17 00:00:00,11.9,10,18.2,3,,293,19.1,44.5,1013.4,
2020-09-18 00:00:00,11,8,15.2,,,310,19.6,38.9,1020.9,
2020-09-19 00:00:00,11.9,6.9,18.1,,,280,9.1,24.1,1022.2,
2020-09-20 00:00:00,9.7,4.4,17.1,,,347,9.2,13,1023.5,
2020-09-21 00:00:00,11.9,4,20.5,,,198,9.6,24.1,1020.6,
2020-09-22 00:00:00,14.2,7,23.3,,,187,11.2,25.9,1016.3,
2020-09-23 00:00:00,15.9,9.7,24.3,,,163,11.5,27.8,1012,
2020-09-24 00:00:00,16.6,9.7,24.1,,,154,14.3,29.6,1009.5,
2020-09-25 00:00:00,18,11.6,24.3,,,143,13,29.6,1007.1,
2020-09-26 00:00:00,19.4,15,25.5,,,122,18.6,40.8,1004.2,
2020-09-27 00:00:00,16.6,14,23.5,,,97,17.6,38.9,1007.4,
2020-09-28 00:00:00,11.2,7,16.5,,,206,10,22.2,1016.1,
2020-09-29 00:00:00,11.6,4.6,17.8,,,70,13.3,22.2,1017.9,
2020-09-30 00:00:00,12.3,9,17.3,,,38,12.3,24.1,1013.9,
2020-10-01 00:00:00,13.2,9,18.2,,,84,12.2,33.3,1011.9,
2020-10-02 00:00:00,12.4,9,16.3,,,107,13.5,29.6,1014.2,
2020-10-03 00:00:00,12.8,11,14.2,1,,122,17.5,33.3,1014.8,
2020-10-04 00:00:00,17.4,14,21.9,,,140,25.6,42.6,1009.7,
2020-10-05 00:00:00,15.2,12.9,17.2,,,143,16.7,31.5,1013.8,
2020-10-06 00:00:00,13.2,9,17.4,,,170,18.3,31.5,1010,
2020-10-07 00:00:00,11.9,6.9,17.6,,,149,8.9,24.1,1011.5,
2020-10-08 00:00:00,11.1,8.9,14,,,173,10.9,16.7,1016.9,
2020-10-09 00:00:00,11.3,7.8,15.2,0,,200,12.4,27.8,1017.6,
2020-10-10 00:00:00,11.7,7,15.7,,,167,12.2,20.4,1018.9,
2020-10-11 00:00:00,11.2,10,13.2,5.1,,274,11.1,16.7,1015.8,
2020-10-12 00:00:00,10.4,9,12,0.5,,340,9.6,16.7,1015.4,
2020-10-13 00:00:00,7.9,6.5,10.1,16,,15,16.8,27.8,1012.1,
2020-10-14 00:00:00,9.1,7,12.4,7.9,,68,17.1,33.3,1007.6,
2020-10-15 00:00:00,7.4,4,12.4,,,151,10.5,11.1,1011.1,
2020-10-16 00:00:00,5.9,4,8,0,,4,12.1,18.5,1016.1,
2020-10-17 00:00:00,4.2,3,6.5,,,45,10.3,20.4,1016.4,
2020-10-18 00:00:00,4.3,2.9,8.7,,,244,12.9,37,1006.5,
2020-10-19 00:00:00,4.3,1,9.6,,,239,15.4,37,1013.7,
2020-10-20 00:00:00,4.8,2,8.5,,,234,10.8,22.2,1021.1,
2020-10-21 00:00:00,7.1,4.3,9.1,0.3,,183,15.2,25.9,1014.6,
2020-10-22 00:00:00,11.4,7.8,15,,,210,20.5,37,1009.6,
2020-10-23 00:00:00,10.9,9,15.8,,,229,16.7,31.5,1009.5,
2020-10-24 00:00:00,8.7,6,11.8,5.1,,211,7.5,18.5,1010.2,
2020-10-25 00:00:00,8.9,6,12.4,,,200,13,20.4,1015.3,
2020-10-26 00:00:00,10.2,7.6,12.2,,,155,19.1,33.3,1013.6,
2020-10-27 00:00:00,11.7,11,13,,,161,20.1,33.3,1012.5,
2020-10-28 00:00:00,10.6,9.8,12,,,179,14.4,25.9,1014.7,
2020-10-29 00:00:00,9.4,8,11,1,,181,11.8,20.4,1012.5,
2020-10-30 00:00:00,7.6,7,8.6,,,220,9.4,18.5,1013.9,
2020-10-31 00:00:00,7.6,7,9.4,2,,5,10.4,16.7,1021.2,
2020-11-01 00:00:00,7.4,6,8.9,,,64,11.6,14.8,1022.1,
2020-11-02 00:00:00,6.8,3.8,9.5,,,161,14.3,29.6,1016.6,
2020-11-03 00:00:00,8,7,9.5,3,,182,15.1,27.8,1018.4,
2020-11-04 00:00:00,7.3,4.2,10,,,212,10,20.4,1025,
2020-11-05 00:00:00,6.2,4.9,7.5,,,241,16.3,33.3,1025.4,
2020-11-06 00:00:00,9,6.5,11.9,,,280,15.9,31.5,1022.7,
2020-11-07 00:00:00,8.6,7.8,9.8,,,255,13.4,25.9,1027,
2020-11-08 00:00:00,6.8,6,7.6,0.3,,273,12.5,24.1,1023.9,
2020-11-09 00:00:00,0.8,-2,6.7,,,313,8.5,13,1030.3,
2020-11-10 00:00:00,1.6,-2.9,4.1,,,185,10,11.1,1033.4,
2020-11-11 00:00:00,3.6,2.6,5.6,,,169,9.3,16.7,1032.8,
2020-11-12 00:00:00,3.1,3,4,,,141,11.4,22.2,1028.7,
2020-11-13 00:00:00,2,1.6,3.6,0.5,,140,12.8,24.1,1025.2,
2020-11-14 00:00:00,2.1,0,3.4,,,119,7.9,20.4,1021.4,
2020-11-15 00:00:00,3.6,3,5.4,,,134,11.1,25.9,1021.6,
2020-11-16 00:00:00,2.8,1,4.5,,,147,20.3,33.3,1020.6,
2020-11-17 00:00:00,2.1,2,3.1,2.3,,162,20.3,33.3,1023.4,
2020-11-18 00:00:00,6.7,2.7,8.8,7.1,,196,20.6,33.3,1023.9,
2020-11-19 00:00:00,7,6,8.9,1,,195,27.5,44.5,1013.2,
2020-11-20 00:00:00,2.4,0,7.1,,,259,15.9,33.3,1017.2,
2020-11-21 00:00:00,0.1,-1.7,3.3,,,223,15.6,37,1027.7,
2020-11-22 00:00:00,2.1,-0.1,5,6.1,,217,24.1,38.9,1014.5,
2020-11-23 00:00:00,4.8,4,5.7,1.8,,248,19.6,33.3,1012.4,
2020-11-24 00:00:00,4.1,2,5.6,4.1,,260,16.5,31.5,1016.9,
2020-11-25 00:00:00,5.9,4,7.2,0.8,,251,14.2,29.6,1018.3,
2020-11-26 00:00:00,0.1,-1,6,,,214,14.8,24.1,1016.7,
2020-11-27 00:00:00,1.5,-1,4.5,4.1,,276,12.6,29.6,1011.4,
2020-11-28 00:00:00,-0.4,-1,0.4,2.3,,0,10.8,18.5,1017.6,
2020-11-29 00:00:00,-0.4,-1,0.7,1.5,10,13,12.8,20.4,1019.7,
2020-11-30 00:00:00,-0.7,-1,0,2,,264,11.3,22.2,1020.1,
2020-12-01 00:00:00,-2.3,-5,0.6,0,20,173,12.7,22.2,1026,
2020-12-02 00:00:00,-4.2,-8,-1.4,,10,104,6.8,16.7,1028.5,
2020-12-03 00:00:00,-1.2,-2,0,,10,144,16.8,35.2,1020.5,
2020-12-04 00:00:00,0.8,-1,2.6,,10,151,29.8,38.9,1015.2,
2020-12-05 00:00:00,2.2,1,3.5,,,153,26.8,38.9,1019.1,
2020-12-06 00:00:00,0.2,-1,2.2,,,147,26.8,42.6,1024.5,
2020-12-07 00:00:00,-3.3,-5,-0.4,,,137,25.6,40.8,1024.9,
2020-12-08 00:00:00,-5.8,-8,-4,,,133,22.4,38.9,1024.6,
2020-12-09 00:00:00,-5.6,-8,-2.6,,,130,18.1,29.6,1025.1,
2020-12-10 00:00:00,-4.1,-5,-2.1,1,,117,15,27.8,1019.6,
2020-12-11 00:00:00,-0.2,-3.7,2,1,10,132,16.5,29.6,1014.7,
2020-12-12 00:00:00,-3.1,-5,1,,,124,18.5,29.6,1014.4,
2020-12-13 00:00:00,-2.8,-4.9,-1.6,1,10,125,10.1,24.1,1016.1,
2020-12-14 00:00:00,-1.3,-2,-0.6,0.5,20,199,6.4,11.1,1018.5,
2020-12-15 00:00:00,-1.5,-2.2,-0.3,,20,173,12.7,27.8,1021.5,
2020-12-16 00:00:00,-0.3,-2.3,1.2,,20,192,17.9,27.8,1019.6,
2020-12-17 00:00:00,2.3,0.9,3.2,,,210,8,20.4,1025.3,
2020-12-18 00:00:00,1.3,0,3.2,2,,194,13.2,27.8,1023.3,
2020-12-19 00:00:00,2.3,1,3.5,0,,220,10.7,18.5,1025.5,
2020-12-20 00:00:00,-0.3,-1,1.1,,,187,15.4,24.1,1028.1,
2020-12-21 00:00:00,-0.5,-1,0.3,,,180,21.4,31.5,1027.2,
2020-12-22 00:00:00,-0.2,-1,0.3,1.3,10,163,21.7,38.9,1018.5,
2020-12-23 00:00:00,1.8,-0.3,4.4,4.8,30,208,13.1,37,1009.8,
2020-12-24 00:00:00,2.1,0,5.3,,10,163,12.7,27.8,1003.7,
2020-12-25 00:00:00,0.6,-1,5,0.8,,276,15.2,29.6,1002.3,
2020-12-26 00:00:00,-0.9,-1,0.4,0.8,10,261,12.1,24.1,1010.7,
2020-12-27 00:00:00,-1.8,-4,0.2,,10,183,20.3,40.8,1015.7,
2020-12-28 00:00:00,0.4,-2.4,2,,10,141,28.8,44.5,1006.4,
2020-12-29 00:00:00,2.2,1,4.8,,,141,24.9,40.8,998.9,
2020-12-30 00:00:00,2.8,1,7,,,154,16.2,33.3,1005.9,
2020-12-31 00:00:00,1.2,-1.7,3.5,,,202,10.1,16.7,1008.3,
2021-01-01 00:00:00,-0.7,-2.2,0.2,1.8,10,327,12.1,28.4,1008.6,
2021-01-02 00:00:00,-1.8,-4,-0.4,0.3,10,207,9.8,20.9,1016.6,
2021-01-03 00:00:00,-0.3,-1,0.3,0,10,66,9.2,18.5,1021.3,
2021-01-04 00:00:00,-0.4,-1,0.7,,10,53,9.3,18.5,1020.5,
2021-01-05 00:00:00,0.4,0,1.2,0.5,,79,13.3,25.9,1018.9,
2021-01-06 00:00:00,-0.9,-1,0.1,1,,110,11.9,24.1,1015.9,
2021-01-07 00:00:00,-0.3,-1,0.4,4.1,10,112,9.3,22.2,1011,
2021-01-08 00:00:00,-2.2,-3,-0.5,8.9,99,357,5.9,13,1009.7,
2021-01-09 00:00:00,-3.5,-4.2,-2,2.8,140,357,6.7,14.8,1013.6,
2021-01-10 00:00:00,-4.9,-5,-4,,160,303,7.4,13,1020.1,
2021-01-11 00:00:00,-3.1,-5.1,-1.1,,160,185,14.1,27.8,1017.8,
2021-01-12 00:00:00,-2.7,-4,-1.2,,140,170,25,38.9,1008,
2021-01-13 00:00:00,-1.9,-3.3,-0.1,4.1,140,130,16.2,35.2,1003,
2021-01-14 00:00:00,-7.3,-10,-4,0.3,180,39,13.7,24.1,1007.7,
2021-01-15 00:00:00,-13.7,-17.6,-9,0,180,334,14.5,24.1,1012.8,
2021-01-16 00:00:00,-18.7,-20.8,-14,0.3,180,7,6.5,16.7,1014.2,
2021-01-17 00:00:00,-19.9,-22.4,-16.6,,180,344,7.3,13,1018.9,
2021-01-18 00:00:00,-16.4,-22,-13,0,180,196,4.9,11.1,1019.9,
2021-01-19 00:00:00,-13.7,-16,-9.4,,160,166,11.4,24.1,1017,
2021-01-20 00:00:00,-10.1,-15.5,-7,0.5,160,152,20.6,35.2,1011.1,
2021-01-21 00:00:00,0.2,-7,2.1,,160,177,22.6,31.5,1004.3,
2021-01-22 00:00:00,0.3,-0.4,2,,99,165,19.1,29.6,1000.7,
2021-01-23 00:00:00,1.7,-1.2,4.2,,89,156,12.6,31.5,1000.8,
2021-01-24 00:00:00,1.1,0,4,2,89,147,16.8,31.5,996.6,
2021-01-25 00:00:00,0.3,0,1.7,2.3,71,173,13.6,25.9,997.8,
2021-01-26 00:00:00,-0.8,-1,0,20.1,150,322,21.2,42.6,992.9,
2021-01-27 00:00:00,-0.3,-1,0.7,6.1,290,275,17.3,42.6,1000.5,
2021-01-28 00:00:00,-3.6,-6,-1.4,,330,274,9.1,24.1,1003,
2021-01-29 00:00:00,-4.5,-6.2,-3.6,1,340,305,10,27.8,992.8,
2021-01-30 00:00:00,-4.1,-5.2,-2.1,0.3,340,246,13.3,25.9,992.6,
2021-01-31 00:00:00,-3.6,-5,-2,0,340,241,15.9,29.6,998.4,
2021-02-01 00:00:00,-7.3,-10,-2.9,0,340,183,14.6,31.5,1006.5,
2021-02-02 00:00:00,-6.2,-11,-2.3,,330,153,18,35.2,1008.3,
2021-02-03 00:00:00,-1.8,-5,0.6,0.8,340,245,9.3,25.9,1004.2,
2021-02-04 00:00:00,-6.4,-8.3,-4,1,320,19,15.9,29.6,1006.9,
2021-02-05 00:00:00,-8.7,-12,-5.2,0,320,286,10,25.9,1017.7,
2021-02-06 00:00:00,-14.9,-18.4,-11.9,0,320,322,8.7,20.4,1021.1,
2021-02-07 00:00:00,-17.7,-23.6,-12.7,,320,70,4.7,9.3,1023.2,
2021-02-08 00:00:00,-13.8,-18.7,-10.4,,310,78,12.6,33.3,1017.5,
2021-02-09 00:00:00,-10.6,-11,-8.7,4.1,351,70,14.9,35.2,1007.5,
2021-02-10 00:00:00,-12.8,-14,-9.7,,351,78,9.2,20.4,1009.8,
2021-02-11 00:00:00,-13.1,-15,-11.4,,,30,15.4,24.1,1017.1,
2021-02-12 00:00:00,-14.2,-15.5,-13,,,343,22,33.3,1022.7,
2021-02-13 00:00:00,-5.9,-16.1,-3.7,,330,334,16.9,31.5,1022.7,
2021-02-14 00:00:00,-3.2,-5,-0.5,0.5,330,322,13.8,29.6,1023.7,
2021-02-15 00:00:00,-8.2,-13.2,-5,0,330,323,10,22.2,1029.2,
2021-02-16 00:00:00,-10.2,-17.9,-4.3,,330,182,7.7,20.4,1023.9,
2021-02-17 00:00:00,-7.8,-11,-0.7,,320,114,7.3,14.8,1017.1,
2021-02-18 00:00:00,-15.7,-19,-10.3,0,320,81,7.7,14.8,1025.3,
2021-02-19 00:00:00,-15.1,-19,-6,,320,161,16,29.6,1022.2,
2021-02-20 00:00:00,-3.5,-8,1.1,,,212,11,18.5,1021.9,
2021-02-21 00:00:00,0.3,-0.2,5,,259,197,13.3,22.2,1022.6,
2021-02-22 00:00:00,1.6,-4.6,9.9,,249,200,7.6,18.5,1023.5,
2021-02-23 00:00:00,0.3,-4.1,3.3,,239,155,12.4,25.9,1028.5,
2021-02-24 00:00:00,3.1,1.1,5.7,,211,231,8.9,18.5,1028.1,
2021-02-25 00:00:00,6,2,12.4,0.5,160,225,13.9,25.9,1023.6,
2021-02-26 00:00:00,4.1,2,6.4,,130,263,19.3,37,1016.9,
2021-02-27 00:00:00,2.5,-0.1,5.7,,30,314,18.8,35.2,1020.1,
2021-02-28 00:00:00,2.2,-1,4.9,0,,294,13.5,33.3,1023.8,
2021-03-01 00:00:00,1.2,-2,3.1,,,262,11,27.8,1028.5,
2021-03-02 00:00:00,2.8,1,7.4,,,293,17.5,37,1025.1,
2021-03-03 00:00:00,0.4,-3,4.8,,,263,11.8,24.1,1024.3,
2021-03-04 00:00:00,-0.8,-2.5,2.1,,,283,12.5,25.9,1009.3,
2021-03-05 00:00:00,-2.8,-6.1,1.2,,,303,12.2,27.8,1015.8,
2021-03-06 00:00:00,-2.3,-6,1.5,,,273,16.1,31.5,1020.4,
2021-03-07 00:00:00,-1,-3.1,1.3,2,,262,22,42.6,1005.3,
2021-03-08 00:00:00,-4.5,-5,-2.7,0.5,10,321,16,31.5,1011.6,
2021-03-09 00:00:00,-5.9,-10,-0.3,,10,272,7.9,18.5,1020.9,
2021-03-10 00:00:00,-5.1,-11.2,2.2,,10,182,10.8,24.1,1021.7,
2021-03-11 00:00:00,-3.4,-9,0.9,,10,156,20.5,44.5,1015.4,
2021-03-12 00:00:00,1.3,-2.1,6.6,3.8,30,194,22.9,46.3,998.5,
2021-03-13 00:00:00,1.8,0,5.6,3,,188,18.9,35.2,1001.8,
2021-03-14 00:00:00,3.8,1,8.9,1.5,,199,21.8,40.8,996.5,
2021-03-15 00:00:00,3.1,1,8,,,211,11.5,27.8,1005.6,
2021-03-16 00:00:00,3.3,-2,9.6,0,,29,6.2,18.5,1011,
2021-03-17 00:00:00,0.7,-2.6,3.6,,,336,12.7,31.5,1013.5,
2021-03-18 00:00:00,-1.6,-4.6,0.7,,,324,8.6,20.4,1014.5,
2021-03-19 00:00:00,-1.8,-4,2.8,1,10,356,10.9,20.4,1015.6,
2021-03-20 00:00:00,-2.8,-5,1.1,0,,305,13.2,27.8,1019.1,
2021-03-21 00:00:00,-2,-4,0.3,2.8,20,235,18.9,35.2,1004.7,
2021-03-22 00:00:00,-1,-4,2.5,,,322,13.6,35.2,1008.6,
2021-03-23 00:00:00,0.4,-3,4.5,,,3,6.2,20.4,1015.8,
2021-03-24 00:00:00,1.8,-6,9,,,196,5.8,20.4,1020.8,
2021-03-25 00:00:00,3.7,0,7.3,,,216,9,20.4,1019.3,
2021-03-26 00:00:00,5.9,0,12.3,,,234,9.3,24.1,1020.9,
2021-03-27 00:00:00,7,0,13.7,,,171,13.8,35.2,1020.4,
2021-03-28 00:00:00,4.8,1,8.7,0,,275,11.8,24.1,1023.6,
2021-03-29 00:00:00,3.9,-3,9.2,,,184,13,29.6,1028,
2021-03-30 00:00:00,8.9,6.3,10.3,1,,214,16.3,27.8,1025.2,
2021-03-31 00:00:00,11.5,8,16.6,,,263,16.5,35.2,1020.2,
2021-04-01 00:00:00,4.4,0,12,,,256,11.8,25.9,1013.6,
2021-04-02 00:00:00,2.4,-1.5,6.8,,,303,11,27.8,1013.4,
2021-04-03 00:00:00,2.9,0.9,6.4,0,,315,10.9,24.1,1012.4,
2021-04-04 00:00:00,2.5,-2,6.8,,,290,12,25.9,1015.6,
2021-04-05 00:00:00,4.5,-1,10,,,193,27,50,998.9,
2021-04-06 00:00:00,0.6,-2,5.4,3,10,223,17.5,38.9,998.7,
2021-04-07 00:00:00,0.7,-2,6.8,0.3,,212,10.1,27.8,1002.4,
2021-04-08 00:00:00,1.9,-1.5,6.5,1,10,258,15.2,35.2,1007.3,
2021-04-09 00:00:00,3.3,-3,7.7,,,210,21,42.6,1016.8,
2021-04-10 00:00:00,7.3,2,12.8,,,192,16.4,33.3,1015.5,
2021-04-11 00:00:00,12.2,5,20,,,122,13.6,31.5,1019.9,
2021-04-12 00:00:00,13.5,8.7,17.3,,,148,19.9,42.6,1019.5,
2021-04-13 00:00:00,6.6,3,13.1,,,318,15.3,29.6,1019.4,
2021-04-14 00:00:00,3.6,2,5.4,3,,10,17.4,24.1,1018.4,
2021-04-15 00:00:00,4.7,3.7,6.9,4.6,,46,17.9,27.8,1017.6,
2021-04-16 00:00:00,7.9,4.8,14.1,0.5,,52,16.1,27.8,1015.1,
2021-04-17 00:00:00,10.1,7,16.6,1.8,,65,10.3,25.9,1018.6,
2021-04-18 00:00:00,12.1,5,19.3,,,28,10.1,27.8,1019.3,
2021-04-19 00:00:00,10.9,3.6,16,,,63,8.7,27.8,1019.6,
2021-04-20 00:00:00,9.5,6,15,,,37,7.7,18.5,1014,
2021-04-21 00:00:00,10.2,3,16,,,229,10.9,31.5,1007.1,
2021-04-22 00:00:00,6.4,2,11,,,236,13.2,35.2,1009,
2021-04-23 00:00:00,2.1,0.9,7.1,2,,254,16.7,33.3,1012.3,
2021-04-24 00:00:00,2.8,-0.4,8,0.5,,272,15.3,37,1015.5,
2021-04-25 00:00:00,1.4,-1,7.6,0,,280,15.3,35.2,1015.1,
2021-04-26 00:00:00,0.7,-2.1,6.7,0.3,,261,10.3,25.9,1014.6,
2021-04-27 00:00:00,2.4,-2.2,6.3,2,,264,11.5,27.8,1013.2,
2021-04-28 00:00:00,5.1,2,8.7,,,250,8.5,16.7,1016,
2021-04-29 00:00:00,9.1,2.7,14.6,,,133,14.7,29.6,1011.4,
2021-04-30 00:00:00,9.9,6,16.7,2,,236,18.2,40.8,1004.8,
2021-05-01 00:00:00,7.8,4.1,11.7,,,343,9.6,18.5,1014.6,
2021-05-02 00:00:00,8.7,6,12,,,56,16.1,35.2,1009,
2021-05-03 00:00:00,3.5,0.4,8.1,22.1,,257,22.5,53.7,998.9,
2021-05-04 00:00:00,6.3,0.4,11.4,3,,245,15.1,37,1008.5,
2021-05-05 00:00:00,9.6,6,15.2,6.9,,195,15.8,35.2,1000.4,
2021-05-06 00:00:00,6.6,4,9.8,7.1,,222,16.4,40.8,1001,
2021-05-07 00:00:00,5.1,1.9,8,,,199,10.5,22.2,1005.5,
2021-05-08 00:00:00,4.4,1,9.3,,,282,12.4,31.5,1011.9,
2021-05-09 00:00:00,7.1,-2,14,,,191,10,25.9,1020.1,
2021-05-10 00:00:00,15.3,7.6,22.3,,,156,20,40.8,1020.5,
2021-05-11 00:00:00,17.7,11.5,23.7,,,142,17.4,37,1019.9,
2021-05-12 00:00:00,17.7,12,23.3,,,123,15.7,37,1015.6,
2021-05-13 00:00:00,10.1,8.9,14.2,13,,65,14.4,31.5,1005.7,
2021-05-14 00:00:00,11.4,9,14.2,,,125,11.7,27.8,1003.2,
2021-05-15 00:00:00,13.7,7,20,,,221,6.4,24.1,1005.6,
2021-05-16 00:00:00,15.5,10,21.3,,,174,11.3,25.9,1007.9,
2021-05-17 00:00:00,14.7,12,17,,,179,10.5,20.4,1005.3,
2021-05-18 00:00:00,12,10,14,8.9,,338,13.3,22.2,1002,
2021-05-19 00:00:00,11.4,9,15.6,0.8,,324,14.3,27.8,1004.5,
2021-05-20 00:00:00,11.6,9,17.1,4.1,,303,14.7,33.3,1008,
2021-05-21 00:00:00,10.3,5,15.4,4.1,,232,14,33.3,1009.6,
2021-05-22 00:00:00,12.7,8,18.6,6.1,,173,14.4,29.6,1005.8,
2021-05-23 00:00:00,10.7,8,15.5,9.9,,242,16.1,29.6,1008,
2021-05-24 00:00:00,12.2,7,17,,,264,9.5,25.9,1019.7,
2021-05-25 00:00:00,13,10,16.2,,,131,12.4,31.5,1017,
2021-05-26 00:00:00,11.9,8,16,13.5,,201,17.7,38.9,1013.3,
2021-05-27 00:00:00,12.4,8,18.7,1,,188,13.5,27.8,1013.8,
2021-05-28 00:00:00,11.5,5.9,17,,,231,4.6,16.7,1016.1,
2021-05-29 00:00:00,10.3,4,15.1,,,326,10.3,25.9,1016.5,
2021-05-30 00:00:00,12.4,7,16,,,28,15.3,29.6,1020.3,
2021-05-31 00:00:00,12,6,17,,,18,8.5,20.4,1020.9,
2021-06-01 00:00:00,12.9,7,18,,,144,6.7,20.4,1019.5,
2021-06-02 00:00:00,15.4,6.8,20.8,,,51,9.5,24.1,1024.9,
2021-06-03 00:00:00,16.7,9,22,,,29,8.7,22.2,1026.3,
2021-06-04 00:00:00,18,13,22.8,,,27,6.5,18.5,1024.7,
2021-06-05 00:00:00,18,14,23,,,334,8.7,22.2,1019.7,
2021-06-06 00:00:00,17.8,12,24,,,327,10.7,25.9,1017.2,
2021-06-07 00:00:00,19.9,13.7,25.1,,,323,12.4,27.8,1016.2,
2021-06-08 00:00:00,19.9,14,25,,,325,12.4,27.8,1016,
2021-06-09 00:00:00,16.8,15,21.1,13,,323,11.4,24.1,1015.7,
2021-06-10 00:00:00,17.4,12,23.8,,,340,7,22.2,1015,
2021-06-11 00:00:00,17,12.9,21.1,,,333,5.2,18.5,1013.9,
2021-06-12 00:00:00,17.3,11,23.6,,,232,8.7,25.9,1008.9,
2021-06-13 00:00:00,13.9,12.6,17.3,2.8,,307,13.4,29.6,1007.6,
2021-06-14 00:00:00,15.7,8.7,21.1,,,322,13.5,25.9,1017.9,
2021-06-15 00:00:00,17.5,9,23.3,,,235,10.7,25.9,1016.4,
2021-06-16 00:00:00,16.9,10.2,21.3,,,347,8.4,20.4,1019,
2021-06-17 00:00:00,19.6,10.7,26.7,,,106,5.7,18.5,1023,
2021-06-18 00:00:00,22.1,14.6,28.2,,,134,8.4,24.1,1022.9,
2021-06-19 00:00:00,23.5,16.8,29.5,,,147,8.6,24.1,1020.6,
2021-06-20 00:00:00,25,17.9,31.2,,,144,10.2,25.9,1017.7,
2021-06-21 00:00:00,25.7,21,31.6,,,123,12.6,29.6,1014.3,
2021-06-22 00:00:00,26,20.9,31,,,136,11.9,31.5,1012.6,
2021-06-23 00:00:00,26.4,21,32.8,,,147,8.9,20.4,1015.9,
2021-06-24 00:00:00,22.1,17.4,30,16,,76,6.8,16.7,1017.3,
2021-06-25 00:00:00,22.2,18.4,27,,,225,9,20.4,1013.7,
2021-06-26 00:00:00,20.2,18.1,22,,,322,10.4,20.4,1014.6,
2021-06-27 00:00:00,18.8,16,21.5,,,321,10,22.2,1014,
2021-06-28 00:00:00,19.3,15.7,23,,,306,11.7,27.8,1013.6,
2021-06-29 00:00:00,20.4,16,25.1,,,291,10.6,24.1,1012.7,
2021-06-30 00:00:00,22.1,14.9,28.2,,,132,5.1,14.8,1009.5,
2021-07-01 00:00:00,22.8,19,27.5,,,83,9.8,20.4,1008.8,
2021-07-02 00:00:00,22.3,19.9,25.4,,,67,9.6,22.2,1009.1,
2021-07-03 00:00:00,21,16,24.9,,,57,11.6,25.9,1010.2,
2021-07-04 00:00:00,21.2,17,25,,,64,11.3,22.2,1010.9,
2021-07-05 00:00:00,22,18,25.3,,,89,9.7,24.1,1011.5,
2021-07-06 00:00:00,20.4,18.5,25.3,80,,123,8.1,16.7,1014,
2021-07-07 00:00:00,23.2,17,28.2,,,156,8.8,24.1,1018.8,
2021-07-08 00:00:00,24.9,19,30,,,157,12.2,29.6,1022,
2021-07-09 00:00:00,25.3,19,30.6,,,146,12.9,31.5,1020.4,
2021-07-10 00:00:00,24.5,19,29.4,,,152,12,29.6,1017.7,
2021-07-11 00:00:00,23.4,17.8,28,,,331,10.1,18.5,1018.6,
2021-07-12 00:00:00,25.7,19,31.8,,,82,7.5,20.4,1017.2,
2021-07-13 00:00:00,25,20,31.8,,,105,6.9,22.2,1015.3,
2021-07-14 00:00:00,22.8,20,26.2,,,108,7.3,22.2,1013.6,
2021-07-15 00:00:00,24.9,18,30.9,,,89,5.4,18.5,1013.1,
2021-07-16 00:00:00,27.4,20,33,,,115,5.6,20.4,1014.1,
2021-07-17 00:00:00,23.5,18.7,30,,,355,7,18.5,1014,
2021-07-18 00:00:00,22.8,18,28,,,238,8.8,20.4,1011.4,
2021-07-19 00:00:00,20.7,15,25,,,276,11.3,24.1,1011.5,
2021-07-20 00:00:00,19.6,14,24.2,,,331,9.5,24.1,1013.1,
2021-07-21 00:00:00,19,13.9,23,,,316,13.5,29.6,1014.7,
2021-07-22 00:00:00,18.1,12,23.8,,,315,9.1,24.1,1017.7,
2021-07-23 00:00:00,19.8,14,25.1,,,272,11.5,29.6,1014.6,
2021-07-24 00:00:00,19.6,15,24.7,,,1,7,18.5,1015.8,
2021-07-25 00:00:00,21.1,10.7,28.2,,,92,5.1,14.8,1017.8,
2021-07-26 00:00:00,23.9,15.9,29.9,,,118,9.6,27.8,1017.8,
2021-07-27 00:00:00,21.5,18,28.6,1.5,,148,14.4,27.8,1013.2,
2021-07-28 00:00:00,23,17.4,29.4,,,205,8.8,24.1,1011.1,
2021-07-29 00:00:00,20.9,18,25,,,220,9.8,24.1,1008.4,
2021-07-30 00:00:00,20.1,15,24,,,228,13.5,37,1006.9,
2021-07-31 00:00:00,19.2,11,25.9,,,201,12.2,31.5,1006.4,
2021-08-01 00:00:00,20.4,15,25,,,218,11.3,31.5,1007,
2021-08-02 00:00:00,15.6,15,18.9,34,,326,12,33.3,1003.5,
2021-08-03 00:00:00,15.6,13,19,,,222,14.3,27.8,1010.9,
2021-08-04 00:00:00,14.8,11,20,,,122,7,16.7,1015.1,
2021-08-05 00:00:00,16,12.5,20,,,48,10.2,20.4,1012.7,
2021-08-06 00:00:00,14.7,12.9,17,24.1,,54,17.3,29.6,1002.5,
2021-08-07 00:00:00,15.6,15,17.6,4.1,,179,13.2,25.9,1003.1,
2021-08-08 00:00:00,17.8,11,24.2,,,174,12.8,35.2,1011.7,
2021-08-09 00:00:00,17.7,13.4,23.5,,,197,7.4,20.4,1017.8,
2021-08-10 00:00:00,19,12.6,24.9,,,140,6.6,16.7,1018.6,
2021-08-11 00:00:00,16.3,14,20,,,173,5.9,20.4,1014.7,
2021-08-12 00:00:00,15.9,13,19,,,276,11.4,31.5,1017,
2021-08-13 00:00:00,17.8,13.3,23.2,,,261,10.7,24.1,1021.7,
2021-08-14 00:00:00,19.3,13,25.9,,,192,12.1,33.3,1017.8,
2021-08-15 00:00:00,18.8,13,25,,,231,13.2,33.3,1013,
2021-08-16 00:00:00,18.9,11,26.2,,,152,9.7,25.9,1010.2,
2021-08-17 00:00:00,17.9,13,20.4,,,184,14,33.3,1006.1,
2021-08-18 00:00:00,14.8,10.6,19,,,197,18.8,38.9,1009,
2021-08-19 00:00:00,14.9,11,18.6,,,202,17.2,35.2,1008.5,
2021-08-20 00:00:00,16.6,12,20.6,0.3,,210,10.2,25.9,1013.8,
2021-08-21 00:00:00,15.9,12.5,19,,,262,11.5,27.8,1016,
2021-08-22 00:00:00,14,8,19.5,,,263,6.8,22.2,1019.1,
2021-08-23 00:00:00,14.9,8.2,20.7,,,318,6.5,16.7,1021,
2021-08-24 00:00:00,12.8,8,17,,,357,13.5,24.1,1022.2,
2021-08-25 00:00:00,11.9,6.2,17,,,283,7.9,18.5,1015.8,
2021-08-26 00:00:00,13.2,10,16,2,,152,11.2,27.8,1008,
2021-08-27 00:00:00,16,11,21.1,,,70,6.1,13,1011.9,
2021-08-28 00:00:00,13.7,11,16.2,,,58,6.1,14.8,1011.6,
2021-08-29 00:00:00,14.7,13.7,17,6.9,,171,10.5,22.2,1012.4,
2021-08-30 00:00:00,14.8,13,17,15.5,,53,11,22.2,1012.8,
2021-08-31 00:00:00,15.6,14.6,18,19.1,,70,8.2,18.5,1009.4,
2021-09-01 00:00:00,14.4,13,17,,,331,15.6,29.6,1011.9,
2021-09-02 00:00:00,11.6,8,14.9,,,309,14.4,31.5,1016.4,
2021-09-03 00:00:00,11.8,7.7,19.3,,,277,15.9,38.9,1011.9,
2021-09-04 00:00:00,9.3,5,14.8,,,314,9.8,25.9,1017.1,
2021-09-05 00:00:00,8.9,4.7,13.8,,,314,8.6,20.4,1024.6,
2021-09-06 00:00:00,9.5,4,15.5,,,221,4.6,16.7,1027,
2021-09-07 00:00:00,10.9,5,18,,,196,8.6,20.4,1025.7,
2021-09-08 00:00:00,13.4,6,20.4,,,207,11.7,27.8,1022.9,
2021-09-09 00:00:00,15.9,8,24,,,191,9.8,25.9,1019.3,
2021-09-10 00:00:00,16.9,10,24.3,,,174,8.4,20.4,1017.4,
2021-09-11 00:00:00,17.5,10,26,,,185,9.8,22.2,1016,
2021-09-12 00:00:00,16.6,10.7,22.4,,,194,8.8,22.2,1013.6,
2021-09-13 00:00:00,15.9,14,20,0.5,,271,14.3,31.5,1012.2,
2021-09-14 00:00:00,11.6,8,15,,,307,7.4,22.2,1018,
2021-09-15 00:00:00,9.6,3,15,,,218,4.5,13,1019.7,
2021-09-16 00:00:00,11.1,8,15.4,,,106,11,24.1,1017,
2021-09-17 00:00:00,9.1,8,11.2,7.6,,83,14.5,25.9,1011.3,
2021-09-18 00:00:00,6.5,5,8.2,,,46,18.1,31.5,1011.9,
2021-09-19 00:00:00,5.9,5,7,9.9,,38,20.3,29.6,1011.3,
2021-09-20 00:00:00,4.9,4,6,1.5,,9,16.3,24.1,1014.4,
2021-09-21 00:00:00,5.5,4.7,6.8,0.5,,329,13.8,24.1,1017.5,
2021-09-22 00:00:00,6,5,7.7,0,,332,13,20.4,1018.1,
2021-09-23 00:00:00,8.1,5,11.5,,,237,12,31.5,1009.7,
2021-09-24 00:00:00,9.7,7.9,11.6,15,,271,19,33.3,995.2,
2021-09-25 00:00:00,11.8,9,16,,,250,15.9,35.2,1006.4,
2021-09-26 00:00:00,11.1,8,15.1,,,317,11.5,25.9,1020.2,
2021-09-27 00:00:00,8.4,3.7,12.3,,,63,6.4,18.5,1026.7,
2021-09-28 00:00:00,10.3,9,13.5,,,91,7.4,20.4,1028.5,
2021-09-29 00:00:00,9.4,8,11.6,,,120,10.3,29.6,1031,
2021-09-30 00:00:00,9.2,5,14.1,,,140,19,35.2,1028.6,
2021-10-01 00:00:00,8.9,6,10,,,157,11.6,24.1,1028.9,
2021-10-02 00:00:00,8.6,4.9,12.5,1.3,,132,12.2,31.5,1025.5,
2021-10-03 00:00:00,11.5,9,16.3,,,146,18,35.2,1023.2,
2021-10-04 00:00:00,11.6,7.8,16,,,141,19,38.9,1024.1,
2021-10-05 00:00:00,11.9,9,15.8,,,147,24.5,46.3,1026,
2021-10-06 00:00:00,11.3,8,15.8,,,149,27.9,50,1027.5,
2021-10-07 00:00:00,7.9,4,12.4,,,139,15.3,33.3,1034.6,
2021-10-08 00:00:00,6.8,1,14,,,141,6.5,20.4,1038.6,
2021-10-09 00:00:00,6.1,-1.2,13.9,,,72,3,13,1037.7,
2021-10-10 00:00:00,5.3,-1.8,13,,,170,5.1,18.5,1033.1,
2021-10-11 00:00:00,3.5,-0.9,8.4,,,166,8.9,27.8,1022.2,
2021-10-12 00:00:00,5,0,11,,,183,11.2,22.2,1010.5,
2021-10-13 00:00:00,4.8,0.1,10,,,216,8.3,20.4,1012.5,
2021-10-14 00:00:00,5.3,2,8.5,,,220,8.3,20.4,1017.2,
2021-10-15 00:00:00,8.3,3.3,11,3.8,,194,21.3,35.2,1010.5,
2021-10-16 00:00:00,8.4,6,11,,,235,15.9,31.5,1012.2,
2021-10-17 00:00:00,7.1,5,9.2,0,,230,14.9,27.8,1014.7,
2021-10-18 00:00:00,6.7,4,9.8,,,280,12.9,29.6,1017.4,
2021-10-19 00:00:00,3.6,-2,8.4,,,227,8.1,20.4,1023.2,
2021-10-20 00:00:00,9.6,5.7,13,1.5,,185,22.4,35.2,1008.5,
2021-10-21 00:00:00,11.8,11,13.6,2,,198,25.1,44.5,994.8,
2021-10-22 00:00:00,6.9,6,8.2,3,,226,26.2,46.3,998.2,
2021-10-23 00:00:00,5.1,4,8.5,4.1,,256,18.7,38.9,1008.2,
2021-10-24 00:00:00,3.3,1,6.1,,,297,11.8,27.8,1026.8,
2021-10-25 00:00:00,2.5,-2,9,,,177,15.6,33.3,1027.2,
2021-10-26 00:00:00,4.5,0.6,9.5,,,188,15.9,27.8,1018.6,
2021-10-27 00:00:00,8.8,4.4,11,3.3,,232,16,33.3,1017.4,
2021-10-28 00:00:00,11.2,10,12.7,2,,255,15,33.3,1020,
2021-10-29 00:00:00,10.8,9,14.2,,,185,15.8,29.6,1022.5,
2021-10-30 00:00:00,9.8,6.8,14.1,,,165,17.9,29.6,1020.1,
2021-10-31 00:00:00,8.4,5,12.7,,,164,18.8,31.5,1017.5,
2021-11-01 00:00:00,6.7,2.6,11.1,,,150,18.1,35.2,1013.6,
2021-11-02 00:00:00,5.9,3.9,8,,,126,15.8,33.3,1008.9,
2021-11-03 00:00:00,6.2,5,7.4,9.9,,167,11.2,24.1,1005.6,
2021-11-04 00:00:00,7.6,4.7,11,,,143,16.3,35.2,1010.9,
2021-11-05 00:00:00,8.5,6.7,11.1,,,202,24.1,46.3,1008.8,
2021-11-06 00:00:00,7.2,5.7,8.7,2,,232,21.4,42.6,1014.6,
2021-11-07 00:00:00,6.2,5,8,3.8,,210,22.8,37,1008.6,
2021-11-08 00:00:00,4.3,1.5,6.3,6.1,,285,18.4,35.2,1009.3,
2021-11-09 00:00:00,-0.4,-2,2.1,,,277,9.7,20.4,1029.3,
2021-11-10 00:00:00,0.9,-1.7,3,0.3,,186,20.4,31.5,1028.9,
2021-11-11 00:00:00,2.3,0.6,4,,,192,12.8,25.9,1020.3,
2021-11-12 00:00:00,5.7,0.3,8,,,258,13.9,31.5,1018.1,
2021-11-13 00:00:00,1.9,-0.1,3.4,,,147,7.5,22.2,1023.9,
2021-11-14 00:00:00,2.7,2,3.6,,,93,9.9,22.2,1026.9,
2021-11-15 00:00:00,0.4,-1,2.3,,,108,9.2,18.5,1035.4,
2021-11-16 00:00:00,1.1,0,2.3,0,,163,11.8,22.2,1030.4,
2021-11-17 00:00:00,2.5,2,3.1,0,,177,17.1,27.8,1020.3,
2021-11-18 00:00:00,4.1,1.9,6.1,0.5,,220,16.9,29.6,1013.3,
2021-11-19 00:00:00,7.2,4,10,7.9,,245,17,44.5,1003.9,
2021-11-20 00:00:00,7.3,4.5,10,,,278,22.5,46.3,1003.3,
2021-11-21 00:00:00,5.3,2,8,14,,275,18.4,35.2,999.8,
2021-11-22 00:00:00,-1.6,-6.7,3,,,317,8.4,20.4,1016,
2021-11-23 00:00:00,-1.8,-9,1.1,3,20,212,9.4,25.9,1016.5,
2021-11-24 00:00:00,1.9,-0.3,4.2,0,20,216,14.3,27.8,1016.5,
2021-11-25 00:00:00,3.1,0.9,4.6,0.8,,203,16.4,29.6,1009.8,
2021-11-26 00:00:00,0.9,0,2.7,0,,189,15.6,31.5,1000.2,
2021-11-27 00:00:00,0.1,0,1,10.9,51,57,10.1,20.4,992.5,
2021-11-28 00:00:00,0.4,0,1,,,179,11.4,20.4,999.2,
2021-11-29 00:00:00,-0.2,-2.5,1,8.9,10,25,13.4,35.2,989.5,
2021-11-30 00:00:00,-2.4,-5.3,0,2,30,271,18.9,46.3,988.7,
2021-12-01 00:00:00,-3.7,-6,-0.4,,,245,10.7,27.8,995.1,
2021-12-02 00:00:00,1.3,-4.5,3.3,6.1,51,190,24.2,44.5,987.4,
2021-12-03 00:00:00,-0.2,-1.4,2.1,0.5,20,242,22.1,42.6,997.5,
2021-12-04 00:00:00,-1.7,-2,0,1.5,20,193,14.5,25.9,1004.6,
2021-12-05 00:00:00,-1.4,-2,-0.1,0.3,41,97,6.4,18.5,1009.1,
2021-12-06 00:00:00,-5.1,-8.5,-2,0.5,51,38,10.3,18.5,1013.1,
2021-12-07 00:00:00,-10.9,-12.1,-8,0,51,341,8.9,16.7,1016.5,
2021-12-08 00:00:00,-13.3,-15,-8.7,0,61,71,7.9,20.4,1019.6,
2021-12-09 00:00:00,-9.4,-15,-4.3,0,61,85,12.4,29.6,1017.6,
2021-12-10 00:00:00,0.2,-5.6,3,0,51,117,18.1,31.5,1010.5,
2021-12-11 00:00:00,1.9,-0.3,3,5.1,10,9,6.8,24.1,1012.4,
2021-12-12 00:00:00,-0.7,-2.3,0,,,303,7.3,14.8,1021.8,
2021-12-13 00:00:00,-2.9,-3.4,-2,,,306,5.4,13,1025.8,
2021-12-14 00:00:00,-3.2,-4.4,-1.6,0,10,187,14.1,25.9,1024.5,
2021-12-15 00:00:00,0.6,-2.4,2,0.3,10,207,12.7,27.8,1022.4,
2021-12-16 00:00:00,4.2,1.4,6,1,,264,17.4,35.2,1017.7,
2021-12-17 00:00:00,1.8,1,3,0.5,,324,16.8,31.5,1020.2,
2021-12-18 00:00:00,1.8,0,4.3,3,,288,14.2,31.5,1019.6,
2021-12-19 00:00:00,1.9,0,4,0.8,,302,20.4,37,1000.9,
2021-12-20 00:00:00,-4.9,-9,0,1,10,350,21,31.5,1007.9,
2021-12-21 00:00:00,-9.1,-10.2,-6.8,0.8,20,320,11.5,20.4,1017.3,
2021-12-22 00:00:00,-11.2,-14.1,-8.5,0,20,308,9.9,22.2,1023.5,
2021-12-23 00:00:00,-8.9,-16,-4.4,0.3,20,184,15.7,31.5,1015,
2021-12-24 00:00:00,-5.3,-8.2,-2.6,1,61,188,20.7,29.6,993.5,
2021-12-25 00:00:00,-6.9,-10.2,-4.1,0.8,51,262,16.3,29.6,999.8,
2021-12-26 00:00:00,-5.4,-10,-1.8,1,61,255,15.5,35.2,1007.5,
2021-12-27 00:00:00,-6.7,-11.4,-4.8,0,61,195,12.5,20.4,1018,
2021-12-28 00:00:00,-10.1,-13,-8.1,,,143,13.4,33.3,1018.4,
2021-12-29 00:00:00,-8.6,-10.2,-6.5,,,145,20.3,33.3,1012.9,
2021-12-30 00:00:00,-5.3,-10.3,-1.5,0.3,61,170,16.4,25.9,1011.4,
2021-12-31 00:00:00,1.6,-2,3.7,,,206,11,22.2,1005.3,
2022-01-01 00:00:00,1.9,-2,4.3,3.3,10,302,17,33.3,1010.4,
2022-01-02 00:00:00,-2.2,-6.3,0.3,8.9,,174,16,33.3,1012.9,
2022-01-03 00:00:00,3.5,0.2,5,6.9,,261,13.3,24.1,995.3,
2022-01-04 00:00:00,3.8,2,4.5,,,209,14.6,25.9,996,
2022-01-05 00:00:00,1.1,0,3,5.1,,225,12,25.9,992.3,
2022-01-06 00:00:00,-0.8,-4.6,1.1,1,10,257,16.9,29.6,998.9,
2022-01-07 00:00:00,-3.3,-5,-1,,,239,14.1,27.8,1012.6,
2022-01-08 00:00:00,-3.4,-4,-1.4,,,176,18.5,31.5,1012.8,
2022-01-09 00:00:00,-3.4,-5.7,-1.5,,,122,10.1,25.9,1008.9,
2022-01-10 00:00:00,-3.4,-7,0,,,4,8.8,16.7,1020.5,
2022-01-11 00:00:00,-6.1,-12.2,-1.6,,,14,10.8,18.5,1033.4,
2022-01-12 00:00:00,-10.8,-17,-5.6,0,10,195,6.9,20.4,1032.6,
2022-01-13 00:00:00,1.2,-7.5,4,0.8,,252,18.8,40.8,1015.9,
2022-01-14 00:00:00,3.4,2,6.5,0.8,,293,30.1,59.3,1002.1,
2022-01-15 00:00:00,1.4,0.2,2.3,0,,313,21.6,46.3,1013.3,
2022-01-16 00:00:00,-1.4,-3,0,,,238,16.1,31.5,1013.9,
2022-01-17 00:00:00,-0.8,-3,1.3,4.1,20,275,29,55.5,994.6,
2022-01-18 00:00:00,-2.6,-5.3,-0.5,,,315,17.4,38.9,1020.2,
2022-01-19 00:00:00,-1.2,-6,1,,,213,16.4,29.6,1016.3,
2022-01-20 00:00:00,-1.3,-3,0.3,3.3,51,216,25.8,44.5,995.3,
2022-01-21 00:00:00,-2,-3.3,-0.8,4.1,89,304,25.1,48.2,996.4,
2022-01-22 00:00:00,-3.1,-4,-2.5,,,333,18,35.2,1011.8,
2022-01-23 00:00:00,-5.9,-12,-3.1,,,29,10.2,24.1,1027.8,
2022-01-24 00:00:00,-8.4,-13,-3.9,,,175,16.1,27.8,1032.1,
2022-01-25 00:00:00,-0.3,-4.4,1.5,0.8,79,264,13.5,25.9,1020.8,
2022-01-26 00:00:00,-1.8,-3,0,,,254,11.1,25.9,1018,
2022-01-27 00:00:00,0.7,-1.6,1.8,3,61,217,18.9,37,1004.6,
2022-01-28 00:00:00,0.3,-0.3,1.6,6.1,61,272,22.8,42.6,998.4,
2022-01-29 00:00:00,-0.9,-3,0.8,1,89,253,21.4,46.3,1007.9,
2022-01-30 00:00:00,0.6,-1.1,2.3,8.9,89,237,25,46.3,982,
2022-01-31 00:00:00,-3.1,-4,-1,2,109,309,20.4,38.9,993.4,
2022-02-01 00:00:00,-3.8,-6,-1.9,0.8,130,255,13.2,27.8,999.3,
2022-02-02 00:00:00,-3.1,-5.8,-0.9,1.3,160,106,13,24.1,997.2,
2022-02-03 00:00:00,-4.7,-6.7,-1.8,0,150,287,10,22.2,1013,
2022-02-04 00:00:00,-3.7,-6,-2.4,0.5,150,155,16.4,35.2,1012.1,
2022-02-05 00:00:00,0.1,-3,1.6,2.8,140,210,20.9,35.2,1002.6,
2022-02-06 00:00:00,0.8,0,1.3,,,209,21.9,38.9,999.7,
2022-02-07 00:00:00,1.1,0,2.6,3,109,244,19.8,35.2,993.3,
2022-02-08 00:00:00,0.9,0,3.1,0.5,99,263,16.2,35.2,1007.9,
2022-02-09 00:00:00,2.4,0.5,4.5,0.5,89,261,17.7,35.2,1011.7,
2022-02-10 00:00:00,2.5,1.4,4.5,2,61,256,17.6,33.3,1012,
2022-02-11 00:00:00,1.2,0.6,3.2,0,41,254,12.6,25.9,1013.1,
2022-02-12 00:00:00,-0.7,-3.2,1.5,,,268,15,31.5,1024.7,
2022-02-13 00:00:00,-1.7,-5,3.1,,,195,19.8,35.2,1022,
2022-02-14 00:00:00,-0.2,-4,4.2,,,186,21.2,35.2,1014,
2022-02-15 00:00:00,0.8,-3,5.3,,,172,20.6,31.5,1012.5,
2022-02-16 00:00:00,2.9,0.9,6.1,,,169,20.4,46.3,1004.4,
2022-02-17 00:00:00,3.8,1.7,7.8,14,10,213,29,51.8,979.5,
2022-02-18 00:00:00,1.8,0.2,3.7,,,242,15.9,40.8,994.8,
2022-02-19 00:00:00,2.3,0.5,6.1,6.1,,222,26.1,53.7,990.4,
2022-02-20 00:00:00,1.8,1,5.5,0.5,,228,17.3,40.8,1003.5,
2022-02-21 00:00:00,2.9,0.5,7.2,7.1,,191,18.1,38.9,991,
2022-02-22 00:00:00,0.5,-0.5,1.7,,,242,21.2,46.3,997.4,
2022-02-23 00:00:00,-0.4,-1.6,1.6,1,20,178,9,29.6,1010.8,
2022-02-24 00:00:00,0,-1,1,,,205,15.8,38.9,1019.6,
2022-02-25 00:00:00,1.6,-0.2,5.4,1.3,,206,17.6,40.8,1011.4,
2022-02-26 00:00:00,1.8,-1.4,5.8,0,,277,10.3,22.2,1026.2,
2022-02-27 00:00:00,-1.4,-4.2,2.5,,,352,8.7,20.4,1037.5,
2022-02-28 00:00:00,-2.3,-7.5,3.2,,,332,5,11.1,1038.9,
2022-03-01 00:00:00,-1.2,-7.2,4.9,,,323,6.4,18.5,1035.1,
2022-03-02 00:00:00,-0.7,-6,5.5,,,328,5.4,13,1025.6,
2022-03-03 00:00:00,-0.7,-3,2.2,,,318,7.2,18.5,1016.7,
2022-03-04 00:00:00,0,-1.4,1.7,,,353,8.5,22.2,1019.5,
2022-03-05 00:00:00,-2,-6.2,0.1,,,358,7.7,16.7,1024.5,
2022-03-06 00:00:00,-3.2,-9.4,2.3,,,241,9.2,25.9,1021.6,
2022-03-07 00:00:00,0,-1.2,2.2,0.5,10,312,11.7,25.9,1017.1,
2022-03-08 00:00:00,-0.5,-2.3,1,,,349,9.2,22.2,1021.6,
2022-03-09 00:00:00,-1.7,-4.1,2,,,76,8.6,24.1,1026,
2022-03-10 00:00:00,-4.4,-9.4,0.2,,,50,7.4,22.2,1039,
2022-03-11 00:00:00,-3.3,-11.2,3.5,,,301,5.3,22.2,1038.1,
2022-03-12 00:00:00,1.1,-2.2,4.6,,,305,8.4,27.8,1030.5,
2022-03-13 00:00:00,1.3,-2.7,6.5,,,140,6,14.8,1031.4,
2022-03-14 00:00:00,0.9,-5.5,8.7,,,209,5,18.5,1034.5,
2022-03-15 00:00:00,2.6,-5,11.5,,,135,6.2,18.5,1031.1,
2022-03-16 00:00:00,3.2,-2.4,9.3,,,99,8.1,25.9,1031.3,
2022-03-17 00:00:00,1,-5,6.7,,,120,7.7,24.1,1040.3,
2022-03-18 00:00:00,0.8,-4.5,7.2,,,164,8.1,20.4,1044.9,
2022-03-19 00:00:00,1.9,-5.5,9,,,51,5.4,18.5,1046.3,
2022-03-20 00:00:00,3.3,-4.5,10.3,,,332,5.6,20.4,1046.5,
2022-03-21 00:00:00,5.5,-1,13.5,,,330,5.8,20.4,1041.9,
2022-03-22 00:00:00,5.5,-2.5,14,,,285,5,22.2,1038.7,
2022-03-23 00:00:00,6.6,-1,15.2,,,237,11,33.3,1028.7,
2022-03-24 00:00:00,4.6,1,9.7,,,321,11.3,29.6,1024.6,
2022-03-25 00:00:00,6.8,-2.2,14.7,,,249,9.3,31.5,1022.4,
2022-03-26 00:00:00,6.2,0.5,9.5,,,287,24.6,64.8,1013.3,
2022-03-27 00:00:00,0.5,-2.2,3.7,,,306,16.7,42.6,1025.1,
2022-03-28 00:00:00,6.4,1.2,14.2,,,246,20.3,57.4,1009.9,
2022-03-29 00:00:00,4.3,-0.4,6.1,,,290,15.6,37,1003.9,
2022-03-30 00:00:00,-1.2,-4,2,,,15,6.6,16.7,1007.2,
2022-03-31 00:00:00,-0.7,-6,3.7,,,18,8.8,27.8,1009.4,
2022-04-01 00:00:00,0.8,-2.7,4.2,,,37,14.4,37,1008.9,
2022-04-02 00:00:00,2.2,-1,5.7,,,15,17.5,38.9,1004.8,
2022-04-03 00:00:00,0.1,-4.5,4.3,,,324,9.9,31.5,1008.9,
2022-04-04 00:00:00,1.3,-3.7,5.5,,,206,17,42.6,1005.4,
2022-04-05 00:00:00,1.1,-0.5,5,2,10,228,22.8,46.3,992,
2022-04-06 00:00:00,1.8,-2.7,7,,,209,13.8,29.6,999.5,
2022-04-07 00:00:00,9.7,4.2,15,,,188,16.5,37,993.1,
2022-04-08 00:00:00,7.4,0.7,11.6,,,214,18,42.6,987.7,
2022-04-09 00:00:00,3.8,-0.5,10,,,201,11.7,29.6,997,
2022-04-10 00:00:00,3.4,-2,8.1,,,223,12.9,37,1007.8,
2022-04-11 00:00:00,3.4,-2.5,8.7,,,246,9.3,27.8,1015.4,
2022-04-12 00:00:00,4.4,-1.2,11,,,315,8.3,27.8,1020.6,
2022-04-13 00:00:00,6.9,-0.2,13,,,343,7.1,22.2,1024.4,
2022-04-14 00:00:00,8.9,-0.7,17,,,189,8,29.6,1021,
2022-04-15 00:00:00,8.3,4.5,11,,,321,9,25.9,1016.3,
2022-04-16 00:00:00,4,0.7,7,,,355,14.9,37,1024.9,
2022-04-17 00:00:00,4.2,-1.3,9.1,,,8,12,27.8,1025.9,
2022-04-18 00:00:00,5.2,-3,10.2,,,31,14.5,35.2,1018.6,
2022-04-19 00:00:00,5.9,3.7,8,,,47,11.2,24.1,1014,
2022-04-20 00:00:00,8.2,6,9.5,,,53,13.5,29.6,1011.3,
2022-04-21 00:00:00,9.5,7,12.5,,,41,15.9,31.5,1012.3,
2022-04-22 00:00:00,8.2,3,13.4,,,77,14.4,33.3,1016.1,
2022-04-23 00:00:00,6.6,5,8.1,,,72,6.3,20.4,1008,
2022-04-24 00:00:00,6.2,5,7.5,,,226,10.5,24.1,1003.2,
2022-04-25 00:00:00,7.5,5.5,10,,,341,5.1,13,1006.2,
2022-04-26 00:00:00,9.8,6.3,14,,,327,11.7,27.8,1011.6,
2022-04-27 00:00:00,7.2,5,9.6,,,326,14.7,31.5,1020.9,
2022-04-28 00:00:00,5.2,-0.6,10,,,332,9.8,24.1,1026.1,
2022-04-29 00:00:00,5.7,-0.3,10.2,,,300,7.8,24.1,1026.4,
2022-04-30 00:00:00,6.9,-1.4,12,,,337,8,22.2,1025.5,
2022-05-01 00:00:00,8.3,-0.3,14.6,,,101,6,20.4,1022,
2022-05-02 00:00:00,8.6,3,14,,,287,7.6,24.1,1016.8,
2022-05-03 00:00:00,7.9,0.4,13.2,,,256,12.2,31.5,1012.1,
2022-05-04 00:00:00,5.7,-0.9,10.5,,,352,12.4,25.9,1021,
2022-05-05 00:00:00,8.3,0,16.1,,,171,10.3,29.6,1023.6,
2022-05-06 00:00:00,9.9,6.8,14,,,155,10.1,22.2,1022.5,
2022-05-07 00:00:00,12.8,7,17,,,278,9.9,27.8,1020,
2022-05-08 00:00:00,11.4,8,13.1,,,313,12.9,25.9,1021.3,
2022-05-09 00:00:00,7.9,1.1,13.4,,,351,12.6,24.1,1029.2,
2022-05-10 00:00:00,10.7,1.1,17.3,,,186,5,14.8,1024.9,
2022-05-11 00:00:00,13.9,5,21,,,199,13.3,33.3,1013.5,
2022-05-12 00:00:00,13.2,10,17,,,229,20.4,48.2,1006.4,
2022-05-13 00:00:00,11.7,7,16,,,263,20.1,42.6,1011.7,
2022-05-14 00:00:00,9.8,5.5,12,,,256,16,33.3,1010.3,
2022-05-15 00:00:00,11.5,7.9,16,,,298,16.2,33.3,1013.2,
2022-05-16 00:00:00,10.4,4.4,15.3,,,307,13.2,37,1017.3,
2022-05-17 00:00:00,6.4,3,9.2,,,325,16.2,38.9,1018.3,
2022-05-18 00:00:00,9.7,3,16,,,324,15.8,29.6,1024.2,
2022-05-19 00:00:00,12.1,1.8,20.5,,,243,9.3,29.6,1022.2,
2022-05-20 00:00:00,16.4,11,23.5,,,211,12.9,29.6,1013.6,
2022-05-21 00:00:00,12.3,9,15.4,,,217,8.4,25.9,1004.2,
2022-05-22 00:00:00,10.9,8,16,,,352,11.9,29.6,1005.6,
2022-05-23 00:00:00,13,5.8,18.2,,,354,6.7,20.4,1011.5,
2022-05-24 00:00:00,14.6,4.4,21.3,,,156,7.4,24.1,1013.1,
2022-05-25 00:00:00,16,9.8,21.9,,,165,10.8,25.9,1012.4,
2022-05-26 00:00:00,11.9,9.7,17.9,19.1,,283,18.6,37,1008.9,
2022-05-27 00:00:00,10.8,8,14.7,,,254,20.4,45.7,1005,
2022-05-28 00:00:00,8.4,6,11,3.3,,231,13.9,47.5,1004,
2022-05-29 00:00:00,8.8,3,13,0.4,,189,11.2,23.4,1009.4,
2022-05-30 00:00:00,10.2,6,13,12.6,,124,12.5,46.8,1010.7,
2022-05-31 00:00:00,12.3,8,18.9,0.5,,212,16.8,46.1,1015.1,
2022-06-01 00:00:00,13.8,9,20.2,4.1,,138,12.4,44.3,1016.2,
2022-06-02 00:00:00,11.4,8,15,1.6,,195,11.2,46.4,1016.9,
2022-06-03 00:00:00,12.5,5,17.1,0,,219,10,30.2,1021.9,
2022-06-04 00:00:00,14.8,8,22,0,,184,8.4,46.8,1020.1,
2022-06-05 00:00:00,15.6,9,21.2,0,,354,8.5,23.8,1020.3,
2022-06-06 00:00:00,17.4,8.9,24.4,0,,139,5.4,17.3,1019.6,
2022-06-07 00:00:00,19,12,24.1,0,,144,6.6,42.5,1014.7,
2022-06-08 00:00:00,19.9,15.9,24.4,4.9,,162,8.7,51.5,1010.7,
2022-06-09 00:00:00,19.8,16,26,0,,34,9.4,40,1011.4,
2022-06-10 00:00:00,21.8,17,29.1,3,,355,8.9,53.3,1014.6,
2022-06-11 00:00:00,17.6,15,20.7,0,,303,11.3,28.1,1018.4,
2022-06-12 00:00:00,18.8,13.7,23,0,,297,11,29.9,1017.7,
2022-06-13 00:00:00,15.9,9,21,3.1,,210,6,25.9,1013.4,
2022-06-14 00:00:00,11.5,10.4,14.7,19.6,,271,16,40.8,1010.5,
2022-06-15 00:00:00,15,11.7,20,0,,270,16,33.3,1015.4,
2022-06-16 00:00:00,14,9,19,0,,234,8.6,22.2,1017.4,
2022-06-17 00:00:00,15.9,10.6,21.2,4.1,,303,11.8,24.1,1017.1,
2022-06-18 00:00:00,15.7,9,21,0,,207,11,25.9,1017,
2022-06-19 00:00:00,19.5,15,24,0,,255,14.6,31.5,1009.8,
2022-06-20 00:00:00,14.8,12.7,17.6,1,,17,9.3,18.5,1007.8,
2022-06-21 00:00:00,13.1,11,15,61.4,,6,16.1,35.2,1001.1,
2022-06-22 00:00:00,16.5,11.8,20.1,5.7,,344,14.4,27.8,1008.1,
2022-06-23 00:00:00,18.3,11,23.8,0,,335,5.5,16.7,1015.4,
2022-06-24 00:00:00,20.5,11.9,26.7,0,,50,4.7,14.8,1018.3,
2022-06-25 00:00:00,22.9,15.5,28.9,0,,93,8.1,22.2,1018,
2022-06-26 00:00:00,24,17.5,29.2,0,,109,7.5,22.2,1020.6,
2022-06-27 00:00:00,24.6,17.8,30.4,0,,124,6.9,18.5,1021.7,
2022-06-28 00:00:00,24.6,19.2,30.1,0,,135,8.2,18.5,1020.1,
2022-06-29 00:00:00,22.6,19.4,29,0,,119,8,18.5,1017.2,
2022-06-30 00:00:00,23.2,18,28.8,0,,104,8.5,18.5,1017.3,
2022-07-01 00:00:00,24.3,20,29.3,0,,133,9,24.1,1018.8,
2022-07-02 00:00:00,23.1,18.2,29.5,0,,147,9.6,24.1,1019.3,
2022-07-03 00:00:00,18.7,16.3,22.2,0.5,,324,7.5,20.4,1020.6,
2022-07-04 00:00:00,20.8,15.5,26.6,0,,303,5.4,18.5,1016.6,
2022-07-05 00:00:00,19.9,14.2,23.5,0,,299,7.7,24.1,1017.5,
2022-07-06 00:00:00,14.9,13.5,18,36.1,,337,7.2,27.8,1015.9,
2022-07-07 00:00:00,15.4,10.7,20,0,,240,8.3,25.9,1016,
2022-07-08 00:00:00,15.6,9.7,21,0,,169,8,22.2,1018.5,
2022-07-09 00:00:00,16.1,13.1,20.6,0,,253,8.4,25.9,1015.9,
2022-07-10 00:00:00,15.8,11,20.6,0,,243,5.9,20.4,1011.3,
2022-07-11 00:00:00,16.5,11.6,20.7,0,,308,8.1,22.2,1012,
2022-07-12 00:00:00,15.6,13.7,18.2,27.8,,319,15.2,44.5,1003.7,
2022-07-13 00:00:00,16.5,12.6,21.2,0,,337,10.5,27.8,1006.8,
2022-07-14 00:00:00,17.8,14,21.2,0,,263,14.9,40.8,1009.1,
2022-07-15 00:00:00,14.2,10.7,18.6,0,,241,11.4,33.3,1010.8,
2022-07-16 00:00:00,14.4,10,19.7,2.3,,235,9.9,27.8,1013.9,
2022-07-17 00:00:00,14.8,11.3,19.9,1,,294,8.4,27.8,1017.7,
2022-07-18 00:00:00,14.2,10,18.5,0,,239,9.6,25.9,1021.2,
2022-07-19 00:00:00,18.3,14,22.7,0,,261,8.3,24.1,1019.1,
2022-07-20 00:00:00,18.3,15,21.8,0,,317,13.7,33.3,1019.5,
2022-07-21 00:00:00,20,13,27,0,,320,10.7,29.6,1018.4,
2022-07-22 00:00:00,22.4,14.2,29.6,0,,158,5.2,14.8,1016.5,
2022-07-23 00:00:00,22.2,17,28,0,,267,10,22.2,1014.7,
2022-07-24 00:00:00,18.5,16,22,5.9,,306,11.2,31.5,1013.6,
2022-07-25 00:00:00,18.1,14,23,0,,300,10.3,24.1,1015.5,
2022-07-26 00:00:00,19.7,12,26,0,,176,10.3,27.8,1010.8,
2022-07-27 00:00:00,17.6,15.3,21.2,6.5,,312,10.5,22.2,1012,
2022-07-28 00:00:00,15.3,9,20,0,,233,10.5,25.9,1017,
2022-07-29 00:00:00,16.1,11,21,0,,327,6.8,20.4,1021.5,
2022-07-30 00:00:00,17.1,8.9,22.9,0,,80,7,16.7,1020.1,
2022-07-31 00:00:00,16,13.7,17.1,7.7,,69,14.2,25.9,1014.3,
2022-08-01 00:00:00,17.5,16,19,8.9,,184,12.9,22.2,1010.5,
2022-08-02 00:00:00,18.7,14.6,23.2,0,,306,8.1,20.4,1015.9,
2022-08-03 00:00:00,18.8,11.7,25,0,,307,5.4,16.7,1019.9,
2022-08-04 00:00:00,19.9,8.9,27.5,0,,98,4.2,13,1020.8,
2022-08-05 00:00:00,23.1,13.9,29.7,0,,116,6.8,20.4,1018.2,
2022-08-06 00:00:00,19.9,14.8,29,1.2,,203,11.4,25.9,1017.3,
2022-08-07 00:00:00,15.9,10,21.4,0,,309,7.6,20.4,1022.7,
2022-08-08 00:00:00,16.6,11.5,21,0,,320,6.3,20.4,1024.8,
2022-08-09 00:00:00,17.1,13.1,21.6,0,,323,6.2,18.5,1026.3,
2022-08-10 00:00:00,17.6,12.6,22.5,0,,356,6.2,22.2,1026.5,
2022-08-11 00:00:00,18.9,12,25.2,0,,28,5.7,20.4,1025.8,
2022-08-12 00:00:00,20.5,13,27,0,,36,5.5,18.5,1024.8,
2022-08-13 00:00:00,21.4,15,27,0,,38,7.5,24.1,1021,
2022-08-14 00:00:00,22.1,17.2,27.2,0,,47,7.7,24.1,1016.6,
2022-08-15 00:00:00,24,19,29.5,0,,87,8.9,29.6,1014,
2022-08-16 00:00:00,24.7,21,28.6,0,,80,8.5,25.9,1012.9,
2022-08-17 00:00:00,24.4,19.2,29.2,0,,85,6.8,22.2,1013.5,
2022-08-18 00:00:00,24.6,17.2,31,0,,77,6.9,22.2,1015,
2022-08-19 00:00:00,24.7,19.6,29.7,0,,113,9.6,25.9,1016.8,
2022-08-20 00:00:00,20.3,16.6,24.1,0,,103,7.8,22.2,1016.8,
2022-08-21 00:00:00,20,15.2,24.7,0,,97,6.2,20.4,1014.4,
2022-08-22 00:00:00,22.1,16.7,27.6,0,,90,6.3,20.4,1015,
2022-08-23 00:00:00,23.7,16.6,30.1,0,,83,7.5,24.1,1017.4,
2022-08-24 00:00:00,24.8,18.6,31,0,,136,8.9,25.9,1019.8,
2022-08-25 00:00:00,23.8,18.6,32,0,,115,7.1,16.7,1020.4,
2022-08-26 00:00:00,20.6,16.9,25.2,22.1,,67,5.9,18.5,1018.9,
2022-08-27 00:00:00,23,16.2,30.6,0,,89,5.4,22.2,1015.3,
2022-08-28 00:00:00,21.8,14,29.5,0,,12,4.8,14.8,1013,
2022-08-29 00:00:00,20.3,13.5,27.7,0,,266,6,24.1,1011.7,
2022-08-30 00:00:00,17.2,15.6,21.7,1,,263,11.9,35.2,1013.5,
2022-08-31 00:00:00,14.2,10.2,17.7,0,,311,9.9,27.8,1018.5,
2022-09-01 00:00:00,11,7.7,15,0,,312,8.3,27.8,1019.1,
2022-09-02 00:00:00,11,3.6,16.7,0,,289,6.2,22.2,1022.4,
2022-09-03 00:00:00,11.8,6.5,17,0,,8,4.7,16.7,1023.7,
2022-09-04 00:00:00,11.5,5.5,17.2,0,,352,5.4,20.4,1026.1,
2022-09-05 00:00:00,9.9,5.7,13.2,0,,328,6.9,24.1,1028.7,
2022-09-06 00:00:00,10.3,5.7,15.2,0,,319,5.1,18.5,1026.1,
2022-09-07 00:00:00,9.8,1.7,18,0,,246,7.1,25.9,1020.8,
2022-09-08 00:00:00,11.8,7.2,16.5,0,,63,8,20.4,1021.8,
2022-09-09 00:00:00,10.2,5.5,15.7,0,,110,10.4,31.5,1023.1,
2022-09-10 00:00:00,11,6.2,16.5,0,,109,10.5,27.8,1018.9,
2022-09-11 00:00:00,9.3,7,11.1,13,,30,9,24.1,1008,
2022-09-12 00:00:00,10.4,8.6,13.2,6.1,,4,6.8,18.5,1011.2,
2022-09-13 00:00:00,10.7,8.6,13.2,0,,121,5.4,14.8,1011.4,
2022-09-14 00:00:00,12.6,9.7,16.5,1,,205,8.1,22.2,1002.3,
2022-09-15 00:00:00,12.8,10,17.6,0.6,,192,9.6,25.9,999,
2022-09-16 00:00:00,11.1,7.2,14.1,0,,217,13.4,38.9,997.9,
2022-09-17 00:00:00,11.3,9.5,14.2,0,,217,14.1,33.3,999.3,
2022-09-18 00:00:00,8.9,5.2,13,0,,246,6,14.8,1000.9,
2022-09-19 00:00:00,11.1,9.7,14.5,0,,278,11.3,31.5,1000.7,
2022-09-20 00:00:00,11.2,9.2,14.2,0,,265,5.9,16.7,1009.8,
2022-09-21 00:00:00,9.8,8.1,13,0,,329,6.3,20.4,1017.3,
2022-09-22 00:00:00,9.3,7,14.1,0,,329,6.3,20.4,1019.5,
2022-09-23 00:00:00,8.3,5.7,12.7,0,,320,6.8,16.7,1017.8,
2022-09-24 00:00:00,8.2,3.5,14,0,,312,6.8,20.4,1015.7,
2022-09-25 00:00:00,8.5,2.2,14.6,0,,260,5,22.2,1013.5,
2022-09-26 00:00:00,10.9,7,16.7,0,,135,6.5,20.4,1008.5,
2022-09-27 00:00:00,10.5,8.1,15.7,0,,103,7.7,22.2,1005.4,
2022-09-28 00:00:00,9.1,7.7,10.7,7.7,,87,9,27.8,1001.2,
2022-09-29 00:00:00,7.9,6.2,12.4,3,,177,8.7,25.9,1002.9,
2022-09-30 00:00:00,6.5,2.5,12.5,0,,160,5.9,14.8,1013.3,
2022-10-01 00:00:00,7.8,5.5,12.2,9.8,,147,3.5,13,1012.9,
2022-10-02 00:00:00,7.4,4.2,10.6,0.6,,158,3.9,11.1,1007.1,
2022-10-03 00:00:00,6.6,5.7,8.1,10.4,,323,13.9,48.2,1001.5,
2022-10-04 00:00:00,8.3,6,13.5,17,,309,16.9,40.8,1006.1,
2022-10-05 00:00:00,10.6,7.2,14.2,0,,228,10.7,25.9,1017.4,
2022-10-06 00:00:00,11.1,7.7,17.1,0,,225,12.3,33.3,1019.1,
2022-10-07 00:00:00,10.6,6.5,15.6,0,,223,11.4,29.6,1026.5,
2022-10-08 00:00:00,10.8,5.7,15.2,0,,176,10.4,29.6,1017.5,
2022-10-09 00:00:00,10.2,5.6,14.4,0.8,,274,10.4,27.8,1019.3,
2022-10-10 00:00:00,5.8,0.6,13,0,,161,6.5,18.5,1027.1,
2022-10-11 00:00:00,7.3,4.2,11.4,0,,192,11.1,27.8,1020.3,
2022-10-12 00:00:00,6.8,2,11.5,0,,227,5.9,20.4,1023.9,
2022-10-13 00:00:00,4.9,-0.2,9.3,0,,161,5.8,14.8,1025.7,
2022-10-14 00:00:00,7.6,3.1,13.7,0,,151,10.3,29.6,1021.3,
2022-10-15 00:00:00,8.5,4.5,14,0,,151,12.5,33.3,1017.9,
2022-10-16 00:00:00,12.1,10.2,14.1,0.3,,168,14.9,33.3,1019.5,
2022-10-17 00:00:00,13.3,11,17.5,0,,216,9.8,25.9,1025.3,
2022-10-18 00:00:00,14.1,10.7,15.8,0,,240,13.6,29.6,1019.5,
2022-10-19 00:00:00,7.6,2.6,10.1,1.3,,297,13.4,37,1015.8,
2022-10-20 00:00:00,4.6,0.5,8.4,0,,286,8,22.2,1024.5,
2022-10-21 00:00:00,6.2,5,8.1,0,,183,8,20.4,1022.5,
2022-10-22 00:00:00,6.1,4,8.6,0,,141,10.2,24.1,1014.7,
2022-10-23 00:00:00,8.9,6.1,11.9,0.5,,242,8.1,27.8,1013.2,
2022-10-24 00:00:00,9.5,7.2,11.5,0,,162,6.2,16.7,1015.9,
2022-10-25 00:00:00,11.2,10.5,12.5,3,,186,8,18.5,1012.9,
2022-10-26 00:00:00,10.8,9.6,13.8,1,,251,8.4,22.2,1016.5,
2022-10-27 00:00:00,10.4,8.1,12.8,0,,244,7.9,20.4,1023.8,
2022-10-28 00:00:00,10.5,8.7,12.1,0,,198,10.1,20.4,1023.2,
2022-10-29 00:00:00,12.6,11.5,14.2,0.1,,230,12.5,35.2,1014.1,
2022-10-30 00:00:00,11.1,6.4,13.6,0,,287,16.6,33.3,1014.6,
2022-10-31 00:00:00,4.7,0.6,10.5,0,,281,5.1,18.5,1021.4,
2022-11-01 00:00:00,5.6,1.1,9.6,0,,153,6,14.8,1019.6,
2022-11-02 00:00:00,7.5,6.1,9.2,3.8,,184,4.1,13,1016.8,
2022-11-03 00:00:00,9.1,7.1,10,0.3,,274,7.8,20.4,1018.2,
2022-11-04 00:00:00,7.5,5.7,9.7,0,,113,6.8,20.4,1016.8,
2022-11-05 00:00:00,5.5,4.3,6.7,0,,129,16.8,37,1017.6,
2022-11-06 00:00:00,5.8,4,7.5,6,,187,7.4,27.8,1019.7,
2022-11-07 00:00:00,5.8,3.2,8,0,,175,10.5,25.9,1017.2,
2022-11-08 00:00:00,8.8,6.7,11,0,,209,13,27.8,1014.6,
2022-11-09 00:00:00,7.4,5.6,9,0,,175,13.1,27.8,1015.6,
2022-11-10 00:00:00,7.9,7,9.3,5.3,,209,9.9,24.1,1017.1,
2022-11-11 00:00:00,8.5,7.7,9.8,0,,226,12,27.8,1024.2,
2022-11-12 00:00:00,10.8,9.7,11.4,0,,266,15,37,1025.5,
2022-11-13 00:00:00,9.7,3.3,12.1,0,,304,7.8,22.2,1030,
2022-11-14 00:00:00,1.7,0.1,3,0,,127,7,18.5,1029.4,
2022-11-15 00:00:00,3.3,1.1,5.1,0,,216,8.6,20.4,1016.3,
2022-11-16 00:00:00,1.1,-0.4,4.7,0,,36,11.6,25.9,1014.1,
2022-11-17 00:00:00,-2.3,-3.2,-0.5,0.6,,26,8,20.4,1011.6,
2022-11-18 00:00:00,-4.9,-6.9,-2,3,20,45,8.9,22.2,1009.7,
2022-11-19 00:00:00,-5.5,-7.7,-3.9,0.2,,47,5,18.5,1013.7,
2022-11-20 00:00:00,-6.4,-10.5,-3.2,0,,147,11,27.8,1016.1,
2022-11-21 00:00:00,-2.8,-4,-1.7,0,,112,10.5,25.9,1011.3,
2022-11-22 00:00:00,-3.3,-4.2,-1.5,0,10,354,6,16.7,1010.2,
2022-11-23 00:00:00,-4.3,-4.8,-4,0,,83,5,13,1013.5,
2022-11-24 00:00:00,-2.9,-4,-1.5,3,,70,6.9,16.7,1014.8,
2022-11-25 00:00:00,-1.6,-3,0,1.3,30,107,3.6,13,1019.4,
2022-11-26 00:00:00,-1.3,-2,-0.2,3.3,,315,4.3,9.3,1025.6,
2022-11-27 00:00:00,-1.6,-2.5,-0.5,2,20,167,5.4,11.1,1028.5,
2022-11-28 00:00:00,-2.6,-3,-1.1,1.5,30,103,7,20.4,1028.7,
2022-11-29 00:00:00,-0.5,-2,0.7,0,,109,8,20.4,1031.3,
2022-11-30 00:00:00,-0.9,-1.5,-0.1,0,,98,6.2,16.7,1033.5,
2022-12-01 00:00:00,-4.5,-6.6,-1.7,0,,97,7.4,14.8,1034.4,
2022-12-02 00:00:00,-7.3,-9.4,-6,0,,106,5,14.8,1033.3,
2022-12-03 00:00:00,-6.3,-10,-2.6,0.8,,82,7.2,24.1,1033,
2022-12-04 00:00:00,-2.3,-3.5,-1.7,0,,141,17.7,27.8,1033.3,
2022-12-05 00:00:00,-5.2,-6.2,-4,0,,138,14.7,29.6,1030,
2022-12-06 00:00:00,-4.2,-6,-2.6,1.1,,152,15.9,29.6,1018.7,
2022-12-07 00:00:00,-2.5,-3.5,0,6.6,,152,16.1,31.5,1006.5,
2022-12-08 00:00:00,-0.9,-2.5,0,1.7,,188,17.5,37,1007.4,
2022-12-09 00:00:00,-0.4,-1,0.5,4.5,,160,8.7,27.8,1010.3,
2022-12-10 00:00:00,-2,-3.8,-0.5,0,,43,7.6,18.5,1010.3,
2022-12-11 00:00:00,-3.7,-4.4,-3.2,14.7,,15,12.4,31.5,1004.6,
2022-12-12 00:00:00,-5.1,-5.2,-4.2,5.1,,234,9.9,27.8,994.7,
2022-12-13 00:00:00,-3.3,-5.9,-2.2,1.3,,219,14,35.2,1001.9,
2022-12-14 00:00:00,-6.9,-10.5,-3,0.3,231,200,11.9,27.8,1011.4,
2022-12-15 00:00:00,-7.9,-11,-6,0.8,,167,8,25.9,1009.7,
2022-12-16 00:00:00,-6.4,-8,-5.5,0,,137,10.9,18.5,1017.5,
2022-12-17 00:00:00,-8,-10.9,-6.7,0,,344,10.1,22.2,1021.6,
2022-12-18 00:00:00,-9.4,-11.9,-7,0,,257,8.1,22.2,1033.1,
2022-12-19 00:00:00,-11.9,-13.4,-9.6,0,191,176,12.8,33.3,1035.6,
2022-12-20 00:00:00,-3,-9,0.5,7.8,,186,13.5,33.3,1018.8,
2022-12-21 00:00:00,1.1,0.5,1.5,3.4,,191,13.4,25.9,1011.7,
2022-12-22 00:00:00,1.2,0.7,1.7,0.9,,180,9.8,24.1,1007.7,
2022-12-23 00:00:00,2.1,1.7,2.7,5.5,,200,9.9,25.9,1002.6,
2022-12-24 00:00:00,-0.3,-5.7,2.1,0.1,,348,6.2,18.5,1010.9,
2022-12-25 00:00:00,-4.8,-7.3,-3.2,0,,105,5.1,16.7,1023.5,
2022-12-26 00:00:00,-3.6,-4.2,-1.1,6.1,,126,14.3,40.8,1018.7,
2022-12-27 00:00:00,1.5,-2.3,2.8,1,51,238,12.9,27.8,1011.3,
2022-12-28 00:00:00,0.8,0,2.1,1,,218,15.2,27.8,1016.3,
2022-12-29 00:00:00,1.2,0.6,2.3,2.3,,183,13.4,27.8,1009.9,
2022-12-30 00:00:00,2.6,1.8,4.5,6.6,30,209,10.8,25.9,1011.2,
2022-12-31 00:00:00,2.5,0,6.5,2,,179,13.7,33.3,1012.5,
2023-01-01 00:00:00,10,7.2,12.1,0,,222,16.8,40.8,1009.4,
2023-01-02 00:00:00,6.4,3.5,8.5,3.4,,192,11.4,35.2,1017.3,
2023-01-03 00:00:00,4.4,1.1,9.1,1.8,,262,20.3,42.6,1015.3,
2023-01-04 00:00:00,0.1,-0.5,1,4,,230,12.6,33.3,1019.3,
2023-01-05 00:00:00,-1.1,-4.3,1.6,20.1,30,68,10.3,29.6,1000.7,
2023-01-06 00:00:00,-13.7,-14.8,-5.2,0,30,32,9.5,25.9,1023.3,
2023-01-07 00:00:00,-11.4,-14.4,-8.7,1.2,,124,13.7,29.6,1025.5,
2023-01-08 00:00:00,-5.6,-8.2,-3.6,0,,143,19.1,37,1021.5,
2023-01-09 00:00:00,-2.4,-3.5,-0.9,1.9,,136,19.2,38.9,1011.6,
2023-01-10 00:00:00,0,-1.6,1.5,6.1,,144,15,35.2,1014.8,
2023-01-11 00:00:00,-2,-2.8,-1.2,0.7,,148,14.9,33.3,1020.9,
2023-01-12 00:00:00,-0.2,-1.9,1.8,1,30,162,19.2,38.9,1015.2,
2023-01-13 00:00:00,2.5,1.9,3,2.6,,172,19.4,38.9,1010.9,
2023-01-14 00:00:00,3.6,2.7,4.9,0.3,,180,14.6,29.6,1013.3,
2023-01-15 00:00:00,2.9,1.7,3.7,7.1,,168,23.3,46.3,1006.2,
2023-01-16 00:00:00,2.4,1.3,3.2,0.7,,172,14,33.3,1002.9,
2023-01-17 00:00:00,2.1,0.2,3.7,6,,135,15.2,33.3,995.6,
2023-01-18 00:00:00,2.7,1.5,6.2,12.9,,111,9.8,25.9,995,
2023-01-19 00:00:00,1,0.1,4,1,10,245,10.8,38.9,1004.8,
2023-01-20 00:00:00,0.1,0,0.2,6.5,,347,8.3,24.1,1013.7,
2023-01-21 00:00:00,0.4,0.1,0.6,0,,32,13.8,33.3,1023.9,
2023-01-22 00:00:00,-0.5,-2.7,0.1,0,,29,7.5,24.1,1033.1,
2023-01-23 00:00:00,-1.2,-2.1,-0.2,0,,22,4.4,14.8,1039.1,
2023-01-24 00:00:00,-2.5,-3.7,-1.5,0,,302,7.2,16.7,1039.6,
2023-01-25 00:00:00,-2.1,-4,-0.9,0,,201,10.4,20.4,1032,
2023-01-26 00:00:00,-0.9,-1.6,-0.2,2.2,,197,9,20.4,1022.4,
2023-01-27 00:00:00,-0.7,-1.4,0.1,3.6,,332,5.5,18.5,1022.4,
2023-01-28 00:00:00,-1.4,-2.5,-0.5,0,,331,5.4,16.7,1024.5,
2023-01-29 00:00:00,-2.2,-3.5,-0.1,0.5,,214,14.2,29.6,1016.2,
2023-01-30 00:00:00,-0.4,-0.4,0.6,2.8,79,211,19.8,40.8,997.8,
2023-01-31 00:00:00,0.9,-0.6,2,2.4,,243,12.7,31.5,1000.4,
2023-02-01 00:00:00,0.1,-1.2,1.2,7.9,,208,15.1,31.5,996.4,
2023-02-02 00:00:00,0.4,-0.8,1.5,1.8,,273,11,25.9,1002.3,
2023-02-03 00:00:00,-1.9,-3.7,-0.9,0.2,,270,8.5,29.6,1013.4,
2023-02-04 00:00:00,-4.3,-5.2,-2.8,0,71,339,10,25.9,1022.9,
2023-02-05 00:00:00,-4.8,-7.9,-3.7,0,,331,8.3,24.1,1034.7,
2023-02-06 00:00:00,-4.1,-9.7,-0.3,0,,244,9.2,22.2,1035.8,
2023-02-07 00:00:00,-1.4,-1.5,0.3,0,79,356,7.1,24.1,1038.3,
2023-02-08 00:00:00,-1.6,-5,0.5,0,,204,9.9,24.1,1044.1,
2023-02-09 00:00:00,-1.3,-2.7,1.6,0,,203,12.3,31.5,1035.8,
2023-02-10 00:00:00,-1.4,-3.2,2.2,0,79,224,14.4,37,1024,
2023-02-11 00:00:00,0.2,-1.5,3.1,5.1,79,237,17.1,38.9,1015.7,
2023-02-12 00:00:00,-1.5,-4.3,0.3,0,,286,8.7,25.9,1030.6,
2023-02-13 00:00:00,2.1,0.2,3.1,0,,270,12.9,31.5,1025.5,
2023-02-14 00:00:00,2.3,-0.8,5.5,0,,311,12.9,31.5,1027.9,
2023-02-15 00:00:00,-0.3,-1.5,0.7,0,,259,6.2,16.7,1030.7,
2023-02-16 00:00:00,-1.1,-1,0.3,0.3,20,202,5.7,18.5,1021.7,
2023-02-17 00:00:00,0.3,-1,2.9,0.8,,162,9.8,31.5,1011.6,
2023-02-18 00:00:00,2.8,1.8,4.6,7.1,10,248,21.3,48.2,995.7,
2023-02-19 00:00:00,1.1,-0.8,3.5,0,,274,19.4,42.6,1003.1,
2023-02-20 00:00:00,-0.1,-1.5,3.6,8.4,,242,17.7,46.3,1001,
2023-02-21 00:00:00,0.4,-1.5,3.6,0.5,10,303,18.6,48.2,997.1,
2023-02-22 00:00:00,-4.3,-6,-1.4,0.3,10,353,6.9,16.7,1018.1,
2023-02-23 00:00:00,-5.5,-10.4,-1.5,0,,156,11.6,27.8,1021.3,
2023-02-24 00:00:00,-0.1,-2.1,2,7.1,10,182,10.1,27.8,1001,
2023-02-25 00:00:00,0.2,-0.1,0.7,2.9,,261,6.7,18.5,992,
2023-02-26 00:00:00,-3.7,-3.9,-0.2,0.3,10,317,11.7,29.6,1007.7,
2023-02-27 00:00:00,-3.5,-7.6,0.2,0,,326,6.2,18.5,1025.6,
2023-02-28 00:00:00,-3.1,-10.5,2.6,0,,241,12.8,33.3,1028.2,
2023-03-01 00:00:00,1.5,-0.3,3.6,0,,292,12.1,31.5,1023.4,
2023-03-02 00:00:00,1.1,-1.2,4.5,0,,270,11.9,29.6,1019.6,
2023-03-03 00:00:00,1.4,0,3.3,0,,275,15.8,37,1010,
2023-03-04 00:00:00,-0.5,-3.2,1.6,2.7,,270,23.8,53.7,998.6,
2023-03-05 00:00:00,-1.8,-3.2,-0.2,0.4,,260,16.7,46.3,1001.1,
2023-03-06 00:00:00,-2.9,-6,0,0,,223,11.9,31.5,1000.9,
2023-03-07 00:00:00,-2.9,-9.5,1.5,1.1,,165,13.9,37,999.3,
2023-03-08 00:00:00,-1.4,-3.4,0.7,3,20,224,22.7,46.3,993.2,
2023-03-09 00:00:00,-3.4,-7.2,0.1,0,,299,9.3,22.2,999.9,
2023-03-10 00:00:00,-4.7,-7,-2.2,9.9,,99,13.2,31.5,1001.1,
2023-03-11 00:00:00,-0.1,-3,3.5,5.2,,145,13.6,35.2,989.8,
2023-03-12 00:00:00,-2.5,-5.2,0.5,2,,269,17.9,44.5,1000.4,
2023-03-13 00:00:00,-1.9,-10,3.8,5,,177,17.5,37,1006.4,
2023-03-14 00:00:00,6.4,3,10.2,2.2,,180,18.2,37,996.1,
2023-03-15 00:00:00,4,0.3,7.5,0.6,,260,11.7,27.8,1005.4,
2023-03-16 00:00:00,1,-2.2,6.2,0,,282,5.6,22.2,1019.4,
2023-03-17 00:00:00,1.3,-5.4,7.5,0,,147,8,24.1,1026.7,
2023-03-18 00:00:00,4.2,-0.2,8.5,0,,141,17.7,37,1024.7,
2023-03-19 00:00:00,7,2.6,12.7,0,,162,11.9,25.9,1019.4,
2023-03-20 00:00:00,7.8,3.2,13.5,1.3,,170,10.5,24.1,1014.3,
2023-03-21 00:00:00,6,4.2,8.2,0,,268,10.8,24.1,1012.7,
2023-03-22 00:00:00,6.9,0.5,11.7,0,,200,11.3,31.5,1013.4,
2023-03-23 00:00:00,10.2,6.7,16,1.9,,201,13.5,35.2,1005.9,
2023-03-24 00:00:00,10,5.2,14.2,3.6,,204,14.6,31.5,1003.9,
2023-03-25 00:00:00,9.1,5,13.1,2.6,,212,11.7,27.8,1001.3,
2023-03-26 00:00:00,6.6,5.2,9.6,2.2,,199,7.4,25.9,998.9,
2023-03-27 00:00:00,2.4,0.5,6.5,0.8,,267,11.9,25.9,1002.1,
2023-03-28 00:00:00,-0.1,-2.5,3,0,,310,15.6,38.9,1009.5,
2023-03-29 00:00:00,-0.3,-3.2,3.1,0,,305,16.1,37,1014.8,
2023-03-30 00:00:00,3.3,-3.8,10.6,0,,164,11.7,29.6,1012.9,
2023-03-31 00:00:00,6,4.1,8.5,4.4,,172,10.1,22.2,1001.2,
2023-04-01 00:00:00,6.3,4,8.7,2.6,,32,6.3,20.4,999,
2023-04-02 00:00:00,2.9,1.1,4.6,4,,4,13.9,33.3,1011.9,
2023-04-03 00:00:00,-0.1,-2.7,3,0,,350,12.6,35.2,1023.4,
2023-04-04 00:00:00,-1.1,-2.9,0.5,0.6,,329,6.8,18.5,1021.5,
2023-04-05 00:00:00,0.3,-1.4,3.1,0,,318,6.3,18.5,1021.5,
2023-04-06 00:00:00,4.2,-0.2,10.5,1,,6,9.9,27.8,1020.4,
2023-04-07 00:00:00,10.2,5.6,15.1,0,,66,8.6,25.9,1019.8,
2023-04-08 00:00:00,10.3,7.6,17.2,0,,356,5,14.8,1023.9,
2023-04-09 00:00:00,9.4,3.6,17.1,0,,131,5,14.8,1024.6,
2023-04-10 00:00:00,10.6,3,18,0,,14,5.3,14.8,1024.2,
2023-04-11 00:00:00,11.2,5.2,17,0,,137,10.3,31.5,1017.3,
2023-04-12 00:00:00,12.1,6.5,16.7,0.7,,87,9.8,27.8,1011.3,
2023-04-13 00:00:00,9,7.5,11.5,2.1,,59,7.4,25.9,1009.6,
2023-04-14 00:00:00,9.4,8,12.3,0,,90,10.5,29.6,1014.6,
2023-04-15 00:00:00,8.7,5.6,11,0.3,,96,14.1,33.3,1018.3,
2023-04-16 00:00:00,4.9,2.4,7.5,5.2,,112,7.8,20.4,1021.6,
2023-04-17 00:00:00,9.5,6.6,14.2,1.9,,125,7.7,18.5,1025.5,
2023-04-18 00:00:00,8.9,3.9,14.1,0,,14,9,24.1,1026.5,
2023-04-19 00:00:00,11.6,5.8,17.2,0.7,,38,12.5,31.5,1021.1,
2023-04-20 00:00:00,12.9,7.6,17.9,0,,19,10.4,29.6,1023.1,
2023-04-21 00:00:00,11.9,4.2,17.1,0,,350,7.4,24.1,1019.8,
2023-04-22 00:00:00,12,4.8,18.1,0,,277,5.7,18.5,1015.1,
2023-04-23 00:00:00,13.4,5.6,20,0,,167,11.2,31.5,1013.5,
